Crop,Provinces,1987,1988,1989,1990,1991,1992,1993,1994,1995,1996,1997,1998,1999,2000,2001,2002,2003,2004,2005,2006,2007,2008,2009,2010,2011,2012,2013,2014,2015,2016,2017,2018,2019,2020,2021,2022
Irrigated Palay,Abra,8620,8120,8720,8810,8470,8230,8160,7610,11780,12330,12020,11530,11982,12146,12186,12336,12466,12642,12652,12684,13720,13775,14755,14763,14804,14915,14920,14950,14927,14919,14934,14480,14549,14548.87,14549.27,14548.9
Irrigated Palay,Apayao,0,0,0,0,0,0,0,10990,11904,11806,11957,12047,9698,12155,15075,15104,15378,17535,17467,18020,16276,16968,17140,17140,17319,17372,17358,16267.4,16270,15968,16877,15933,17522,17805.46,17137,17110.03
Irrigated Palay,Benguet,3320,3580,3950,3600,2990,3430,3630,3860,3916,4094,4184,3816,4285,4623,5016,5098,4893,5150,5232,5300,5340,5304,5230,5188,5081,5200,5200,5200,5200,5276,5755,5877,5903,5903,5903,5903.32
Irrigated Palay,Ifugao,9740,9020,9430,8410,7110,9040,9030,8850,11881,11607,13064,11661,12713,13278,13288,13224,12922,13451,13952,14804,15994,16387,16287,16132,16336,16336,16374,16399,16399,16393,16388,16382,15582,14899.82,12236.33,11246.65
Irrigated Palay,Kalinga,25520,28380,22420,24700,23740,23900,24390,20020,21111,21060,21616,17934,21814,21084,31687,29951,29112,30460,29110,32084,32138,34112,33682,32724,34031,34739,35023,35098,29485,31244,34011,33515,32656,23570,26477.81,26454.49
Irrigated Palay,Mountain Province,7450,8100,6890,6840,7400,6780,5940,6040,6943,6915,6750,6780,6853,7141,7317,7440,7364,7989,8046,7884,7349,6465,6171,5318,5472,5506,5477,5387,4240,4206,4240,4233,4100,4205.25,4244,4220.44
Irrigated Palay,Ilocos Norte,26150,29650,26690,32430,35690,35530,31420,34230,37155,45047,44953,43880,51420,50594,51393,51723,51165,52617,53034,50155,50963,54069,54694,54843,54682,55082,55359,54889,54785,54334,54801,54579,54594,54853,54616,54315
Irrigated Palay,Ilocos Sur,15010,14600,13370,12490,12070,12080,15640,18350,17965,17276,16573,16481,16723,18580,19783,19323,21750,24633,24939,24259,24872,24463,24517,25101,25394,26511,27925,28261,28164,27972,29516,30362,31512.68,32376,32155,31231.35
Irrigated Palay,La Union,15950,16490,18890,22150,18780,14940,20270,19980,16903,16978,17831,17548,18685,19593,19762,19971,17672,19184,19123,20910,21309,22142,22056,19850,21453,22259,21570,22571,23993,23988,24462,23629.39,24079,24613,24219,24279
Irrigated Palay,Pangasinan,112050,108040,98580,101370,105610,98730,99160,99150,106262,125954,131708,109163,144918,140798,142882,141705,143974,147573,147612,142634,140695,146360,154297,160963,162104,169519,174895,180102,178998,179378,176784,172941,172758,171774,173493,173834
Irrigated Palay,Batanes,0,0,0,0,0,0,0,0,0,0,0,0,0,0,0,0,0,0,0,0,0,0,0,0,0,2.7,1.43,3.41,1.25,0.45,0,0,0,0,0,0
Irrigated Palay,Cagayan,62310,74950,77550,68030,62360,61640,55280,89970,88349,92256,111424,108018,112050,116036,117462,114884,111372,114739,109979,137466,132627,142846,134334,141685,159572,167224,176227,176932,174245,158567,176058,152581,173083,179823,187462,192649
Irrigated Palay,Isabela,163460,166500,173990,182340,177810,185680,163530,175340,200949,198713,203826,172856,231403,237073,240767,214258,218194,239971,250607,230856,230018,241444,241632,232438,248420,255278,258780,262366,260535,259444,258309,258909,267100,269960,270670,271501
Irrigated Palay,Nueva Vizcaya,29380,32420,33820,30160,30910,30880,29170,36180,43438,43518,44330,44585,49584,48612,50438,51744,52547,51853,51589,51768,52182,52982,53199,50723,52059,53386,55032,53121,56974,58530,59074,59015,58732,53966,62338,62393.25
Irrigated Palay,Quirino,10620,11620,11880,11940,10920,11660,12700,12260,12582,12851,12110,11060,14503,14720,14934,13971,12336,14078,14280,13619,13790,17443,18018,16737,18985,19610,20298,19451,19441,19990,20160,20377.73,22065,22656,24007,23389.19
Irrigated Palay,Aurora,9220,13760,11080,15740,14630,15150,17840,16170,17905,17527,17383,17215,18532,19056,19063,18300,19525,19078,19420,19430,21062,21798,21952,21695,21436,21476,20579,21780,20624,20273,22157,24834,25162,22106.12,24775,22922
Irrigated Palay,Bataan,18870,20180,17090,17210,16700,16890,17000,20460,21097,26649,27825,25873,25726,24453,26573,26395,27530,27315,28363,29329,29142,29483,29966,31004,30392,30677,31732,31771,31285,29921,29661.82,30012,28107.45,27931.07,26610.97,26715.69
Irrigated Palay,Bulacan,56810,53410,58890,52390,56870,60990,53380,55660,52250,55678,53517,20604,56500,53760,52680,54125,52781,51565,51053,52532,53021,59804,58539,59017,48259,65219,67455,67059,65098,68566,67904,68675,64890,68236.78,72188,80590
Irrigated Palay,Nueva Ecija,161890,144470,179580,175580,183550,172130,172500,202230,216759,209104,204576,176822,201139,204027,204453,197662,202155,204250,207023,216768,236150,246305,257109,261034,249571,265802,277185,280756,270509,279075,290864,299996,312510.21,298453,304279.82,286965.61
Irrigated Palay,Pampanga,45760,45820,49680,45200,39220,36290,37680,56900,61631,59311,58590,42213,56814,56822,58048,59555,62875,60558,61979,70975,81654,82270,71811,81656,65906,81077,87285,87906,86761,90420,90814,89673,91189,86152.12,94590.7,98182.85
Irrigated Palay,Tarlac,70320,64530,79340,80050,67470,57880,44030,62430,66036,70268,76987,70884,79841,86289,86876,94143,101293,100406,103311,101657,116306,120006,119466,124353,107494,114365,123214,125830,123587,122859,125631,124536,130609.76,128510,134568,136578
Irrigated Palay,Zambales,14810,15330,16590,16870,13090,9020,9260,11130,12160,13500,14436,14418,15956,17066,17565,15958,16691,17345,17848,18928,19050,20692,21062,20814,21140,21275,24214,24850,24949,26229,24800,25294,23603,28211,26347,23928.66
Irrigated Palay,Batangas,11660,14010,15300,18680,18210,18950,14970,13340,13518,13620,14342,12075,12290,13250,13244,13386,13270,12414,9955,9338,8060,9674,9305,9037,9537,9250,10141,9937,9675,9360,8114,8193,8178.56,7792.03,7947.35,8330.7
Irrigated Palay,Cavite,12570,14760,14710,13660,14820,13690,12800,13320,11522,12831,12695,11205,12715,11280,12074,11824,11848,11740,11700,9614,8930,9318,10494,10530,10615,9827,10151,10948,10808,9922,9345,9667,7457,6730.13,7171.97,5957.41
Irrigated Palay,Laguna,34060,30860,30840,26320,28980,29520,30300,27710,28141,29704,28386,36510,34409,31376,27221,23106,23288,24577,23950,23730,27500,29525,24793,27619,30176,29275,29217,30370,31143,31137,30466,27288,30336.14,27681.04,27298,28057
Irrigated Palay,Quezon,26790,29210,33850,34810,35660,36530,38200,35050,28180,25961,21756,18299,30208,29380,28319,28287,27332,27424,22991,24151,24334,24712,25293,25366,25386,25770,25773,28508,27008,28280,28767,29104,28606,30458,32855,30860
Irrigated Palay,Rizal,4930,5480,5820,7360,6770,7890,7920,7320,7425,7585,8086,7025,8055,8183,7517,7454,8311,8191,8310,7625,6687,6795,5239,6942,7397,5998,6133,6428,6460,6634,6645,6398.63,5078.2,3538.26,5162.75,5204
Irrigated Palay,Marinduque,1400,1480,1530,1170,1520,1590,1490,1610,2790,2803,3110,3325,3380,3582,3552,3494,3538,3523,3092,3409,3344,3334,3411,2622,2788,2325,2664,2420,2308,2470,3483,2669,2436,3267,2907,3104.92
Irrigated Palay,Occidental Mindoro,41620,45490,55150,36720,42310,38550,37270,34710,35193,40691,40769,33052,39261,40189,38362,39639,40783,37479,35627,36232,41582,47418,52842,54267,53802,55069,56429,56525,57142,57715,57559,59419,54594,52717,58250,57639.26
Irrigated Palay,Oriental Mindoro,28120,36050,35090,39570,57510,59010,59810,48420,49662,51782,52954,50872,51365,53247,53355,53050,56276,54674,56143,56550,57265,57946,66834,68045,76123,84432,84774,82880,85452,87289,87920,89137,88191,83844.6,85493,84657.51
Irrigated Palay,Palawan,11290,10740,9370,10120,15540,15790,16420,21730,24100,23397,25690,23667,29794,31718,31267,31606,31603,31612,30127,32314,32314,32167,34784,35906,36236,37632,39221,42431,45565,48503,53413,55802,56063,56828,60036,63293
Irrigated Palay,Romblon,1610,2250,1870,5240,4250,4340,4910,5070,5195,5698,6048,5584,5958,5883,6075,6264,6786,5985,5412,5580,4972,4738,5242,5172,5803,5708,5383,5224,5043,5049,5509,5645,5076.47,5200,5121,5291.84
Irrigated Palay,Albay,38010,47250,40070,43870,49350,48960,56280,56990,53384,52750,47970,37510,41800,37590,31703,34657,34162,35554,40380,38424,33921,34555,37494,39606,42759,43276,43979,42339,40959,41677,43788,42582,43506.65,43920,43344,43889
Irrigated Palay,Camarines Norte,12340,14810,12720,12740,15320,16660,12490,12640,11240,11930,10420,10000,12970,11730,12210,11460,11077,13526,13399,13316,12945,12752,13103,13725,13665,14839,16075,15218,14591,15024,16372,15529,14123,14773,15452,15411
Irrigated Palay,Camarines Sur,69100,86150,88020,74110,71840,63280,60790,74890,81050,80080,88600,70950,91730,93700,96040,87840,92358,107546,108772,104387,115117,109379,117132,124594,108342,115873,116625,110803,131207,136486,138713,136249,131880,123556,131044,130123
Irrigated Palay,Catanduanes,1940,3680,4430,5170,5950,4420,4070,3210,4600,5880,4540,2650,4420,3520,3740,4427,5380,3933,3682,3932,5720,5078,6589,5488,5909,4782,4992,5361,5164,6011,5635,5758,4677.6,3894.46,4188.32,3931.33
Irrigated Palay,Masbate,3170,3430,1900,3500,3320,3970,4680,3170,3110,3130,2930,3420,3500,3550,3540,3290,3297,3387,3456,4267,5900,7954,7156,8244,8736,13320,15496,15352,12456,11808,12794,12338,12289,12474,12447,10752
Irrigated Palay,Sorsogon,25780,26030,24680,28580,29840,30090,29600,27230,25320,24080,25610,20700,23640,24100,25360,24159,23801,24143,22348,19578,22770,23056,24586,24599,24198,25368,25059,25009,24924,25199,24853,24776,21356,24691,25236,24734
Irrigated Palay,Aklan,18750,20330,26450,18120,20670,20380,21740,22030,21300,20900,19021,18609,22335,21935,21557,19689,20964,22337,21194,21356,20687,19654,20988,16967,18173,18127,19460,16042,15292,16276,20080,18609,16037,19588,17306,19623.95
Irrigated Palay,Antique,20400,20130,23950,23820,31370,30660,29100,32100,33210,43001,40809,41607,45843,50125,50427,48657,36167,39584,43015,45715,46172,45700,46451,34577,47182,46114,46862,46920,47094,44423,45519,47857,48754,35093,44593,44973
Irrigated Palay,Capiz,12780,12560,14940,13870,15180,15480,15850,18370,18920,21360,18841,15509,22360,23262,22527,24176,29688,28031,28186,28626,31836,32740,33458,29562,28002,27864,25956,29105,31214,29925,31017,31933,28331,30636,31924,28892
Irrigated Palay,Guimaras,0,0,0,0,0,0,0,4440,1860,2090,3530,3218,3958,4045,4070,2675,3775,2815,3040,3350,3687,3912,4032,3392,4271,4707,3077,3665,2938,2808,3507,3317,3584,4593,4282,4632.88
Irrigated Palay,Iloilo,52460,62370,62930,53890,57440,67200,95840,96420,93900,113310,106655,79773,117662,115003,110287,123474,128026,133056,124076,142690,123197,151622,147875,107308,133752,125015,110755,117572,123687,99572,114263,112810,104996,117786,113871,115745
Irrigated Palay,Negros Occidental,41710,45970,47290,45470,49810,49900,52540,63350,55540,69659,63605,53707,79797,79749,73188,75643,75682,79154,79830,82065,82830,83548,83745,81758,83388,83761,82077,82870,84508,79258,84445,85210,85205,85012,85265,85281
Irrigated Palay,Bohol,14180,13320,13690,12650,13950,12730,14420,17090,16930,19960,21940,14428,22168,21935,24260,21021,25515,26584,24447,26922,28732,31323,31173,35386,36828,37167,37592,37728,37205,31429,38613,39346,32426,38243,39506,36380
Irrigated Palay,Cebu,4180,4450,3410,5010,4880,3100,3060,3330,3475,3706,4062,2800,4295,4770,4760,4885,4680,4804,4507,4654,4602,4763,4730,4316,4750,4658,4754,4578,4189,4016,4047,3859,3518,3327,3421,3596.39
Irrigated Palay,Negros Oriental,20620,24230,39540,37800,36330,34990,22430,16700,19190,16070,15970,13990,14910,15930,16255,15495,16243,16370,16685,17172,17640,17978,17427,17019,17356,17268,17549,16315,16993,15820,18246,17502,15856,16467,18050,16748
Irrigated Palay,Siquijor,830,340,2320,990,810,630,600,630,675,774,803,484,757,822,837,849,798,790,776,725,644,723,753,744,745,666,610,600,671,492,610,623,426,396,510,681.41
Irrigated Palay,Biliran,0,0,0,0,0,0,0,12300,14870,14034,13845,13079,13803,14122,14197,14348,14466,14489,14583,14787,14750,14730,14708,14672,14688,14688,14688,14689,14689,14679,14359,12383,12291,12303,12292,12169
Irrigated Palay,Eastern Samar,1010,310,350,380,510,640,630,650,1397,1482,1400,1103,1535,1508,1516,1556,1564,1576,1589,1686,2425,3139,3244,3269,4584,4845,4953,5003,4951,5002,4997,4880,4898,4833,4657.06,3916.78
Irrigated Palay,Leyte,66970,66750,62070,59790,65530,65650,69260,51150,55531,56440,57450,55385,62438,59575,64826,66254,66326,66405,66633,67004,82579,87409,84697,83385,86835,86196,81231,81720,78915,77542,78204,79756,78830,77623,78679.27,79226
Irrigated Palay,Northern Samar,380,1590,1070,1150,1880,2570,3260,3310,3350,3375,3387,3009,3365,3338,3370,3425,3483,3537,3670,3730,3882,4261,4087,4506,4320,4029,4317,4338,4327,4450,4472,3176,3231,4240,2720,2724.71
Irrigated Palay,Samar,1260,3350,2520,3020,2620,3200,2730,3860,3960,4039,4075,3468,4087,4084,4086,4095,4101,4112,4123,4127,4271,4658,4743,4742,5101,5134,5082,4974,4621,4613,4553,4596,4705,5526,5717,5995
Irrigated Palay,Southern Leyte,7070,7090,7910,6780,6730,8540,10040,10850,11275,11724,12350,11467,12155,12297,14368,13788,13768,14170,14329,14633,14770,17201,19368,18680,18598,18955,19039,19004,18997,18975,18796,18675,17731,17646,17457,14618.86
Irrigated Palay,Zamboanga del Norte,6960,6340,11650,9940,11430,7910,8170,10290,11168,11774,13940,12931,13520,13179,13379,14805,13510,13231,13234,13405,13168,15203,15135,13236,14000,13945,16098,14877,14440,11770,15270,15530,14671,14671,16506.51,16229.28
Irrigated Palay,Zamboanga del Sur,39780,48750,48720,48600,45990,41270,42590,45390,45867,47660,56771,38997,54431,71640,70063,50100,50861,49044,50554,43741,48185,51824,54758,56019,57722,54957,56325,57474,57322,56232,61721,58630.78,59642.7,50547.9,58140.02,59207.27
Irrigated Palay,Zamboanga Sibugay,0,0,0,0,0,0,0,0,0,0,0,0,0,0,0,23273,23184,23324,23524,22927,20865,18028,18723,15842,17335,17238,17572,17451,17615,17601,18443,19571.14,18989,19153,19415,19696
Irrigated Palay,Zamboanga City,3020,4460,5980,6110,7150,6080,6040,5420,5500,5267,4694,3748,4991,5289,5050,4676,3918,4015,4395,4275,4702,4630,4788,4265,4655,5023,4781,4762,5174,5094,4944,5391,4736.74,4786.5,0,0
Irrigated Palay,Bukidnon,34840,39300,55390,58140,59870,62100,65320,67850,66606,62466,55209,57080,65616,68389,64696,63940,59721,58016,59155,59821,63167,67501,74625,72662,76876,78891,81995,82557,84729,83833,84917,85034,85001,85985,86026,90491.32
Irrigated Palay,Camiguin,980,920,720,710,620,260,480,960,833,743,774,613,756,651,565,471,502,504,457,549,552,598,608,600,626,636,647,648,649,541,592,579,503,563,578,596.75
Irrigated Palay,Lanao del Norte,22490,19370,22310,19770,22720,18500,25700,26620,30950,33014,32905,36240,33471,37493,41859,42680,40756,36239,33429,29943,32869,32255,32200,31040,32005,32499,33025,33109,33192,33934,33997,33997,33700,34480,33858,35685
Irrigated Palay,Misamis Occidental,8200,9450,10280,8150,9120,7530,7570,12920,16488,16218,16026,15905,17842,17670,17274,14554,15282,15135,14916,14893,15044,16146,16521,16680,16815,17137,17203,18356,18566,18372,17893,18293,18265,18169,18475,18222.08
Irrigated Palay,Misamis Oriental,7100,7950,10200,8530,9400,6970,6780,6030,6120,5931,5593,5217,6280,5844,5819,5840,5486,5721,5730,5853,6088,6154,6200,6023,5948,5940,5800,5771,5614,4999,5521,5580,5573,5456,5135,5217.58
Irrigated Palay,Davao de Oro (Compostela Valley),0,0,0,0,0,0,0,0,0,0,0,0,0,0,0,22289,22175,21709,21723,21488,19703,19423,20135,20617,20796,20430,20489,21983,21406,21423,20836,22714,23076,23650,25682,26042
Irrigated Palay,Davao del Norte,39570,40310,40800,56610,56780,38750,44250,51870,53600,52710,52375,49299,46948,49529,49830,29833,31578,31626,31262,29665,26308,26700,26696,26524,29099,30329,29775,28259,26250,24813,25858,26737,26624,26502,27868.6,29375
Irrigated Palay,Davao del Sur,25650,27720,29180,26440,25650,19640,23170,24260,25263,24645,24088,22019,24006,23870,23868,24899,24839,25290,25391,26450,25135,24199,24425,24492,25366,25705,25712,25872,25812,26118,26002,28043,24814,23928,27483,28325
Irrigated Palay,Davao Occidental,0,0,0,0,0,0,0,0,0,0,0,0,0,0,0,0,0,0,0,0,0,0,0,0,0,0,0,0,0,0,0,0,277,315.7,384.98,419.19
Irrigated Palay,Davao Oriental,6340,7820,7380,12640,10800,7850,7240,6920,8190,8430,8839,8895,9609,9774,10056,10637,10210,10455,10705,10833,10706,10698,11102,10464,10812,10737,10391,10580,12043,12158,12147,12298,12737,12297,12372,12292
Irrigated Palay,City of Davao,3800,4570,5350,4530,4310,4180,4010,3640,3240,3210,3753,4004,4625,4970,4754,5207,5089,4231,3757,3038,1970,1955,2217,2212,2146,2338,2572,2549,2466,2551,2507,2530,2395,2490,0,0
Irrigated Palay,Cotabato (North Cotabato),55620,55350,51850,45820,51610,37640,47210,54460,57360,72400,69053,65595,88890,88427,86731,85145,83821,84128,83747,85078,87772,91128,91411,88071,90093,90148,94337,93600,91561,83517,93011,93620,93054,94531,96778,98219
Irrigated Palay,Sarangani,0,0,0,0,0,0,0,3220,5160,6589,6277,6108,7076,7246,7838,8329,9655,9255,9073,9001,9173,9487,9685,9191,9650,9733,10470,10288,10108,9659,9980,9561,9317,9935.82,9964.98,10151.74
Irrigated Palay,South Cotabato,36560,43260,41730,31160,33000,40650,48840,34660,42790,76590,80051,62817,89534,80086,71621,71340,66862,73381,67787,62905,67151,71727,69750,67360,68933,68473,70864,70868,70663,65215,75351,74086,67571.36,69478,69374,68581
Irrigated Palay,Sultan Kudarat,44690,42730,44870,36570,29610,36750,43460,55420,61459,74521,72386,57174,80690,85448,93949,91645,90500,94011,90080,94948,95412,94827,96188,93336,94629,95033,94452,91467,91394,90774,98638,96343.25,87458.75,88887,95757.73,91629
Irrigated Palay,Agusan del Norte,6590,7470,5640,9880,16120,6420,10350,12090,17518,17826,15908,11068,12540,13890,16304,15635,15013,16557,16333,17523,18150,17738,16413,14781,16934,17736,21068,20976,17783,20567,18256,17595,18241,18308,17393,19151.77
Irrigated Palay,Agusan del Sur,5810,6400,8400,8750,7310,5720,8900,15600,22440,22251,19893,24134,24920,27185,28145,28955,27445,29595,29090,29890,32449,33483,31495,33499,33682,36285,38917,38994,34776,34712,36609,39757,32694,43210,38585,39656
Irrigated Palay,Dinagat Islands,0,0,0,0,0,0,0,0,0,0,0,0,0,0,0,0,0,0,0,0,0,0,621,2575,2230,1915,2034,2049,1988,1983,2225,2370,1705,1880,1831,1954.61
Irrigated Palay,Surigao del Norte,13090,16870,18640,17780,19810,17730,16590,15260,19835,19121,19612,15645,20850,19617,19111,18843,17888,17974,17284,18470,18052,18477,18658,13999,16132,16298,16409,15649,13911,13707,12301,13841,14493.69,14279.51,13012,12853
Irrigated Palay,Surigao del Sur,11950,11230,11740,12850,13870,11930,12630,14860,16320,18531,15574,18368,15895,16990,15429,16238,16524,16200,17880,19828,21225,19575,18745,20126,19286,17255,21358,22404,21934,21907,20252,23159,19168.25,19569.3,17603,17936.37
Irrigated Palay,Basilan,2900,2130,2170,2330,2660,2140,990,580,530,595,530,257,460,455,448,417,380,460,600,565,536,820,712,1103,900,1082,1657,1346,991,948,596,769,460,98,163.38,253.93
Irrigated Palay,Lanao del Sur,2190,5180,2400,2410,2550,2960,3260,4820,11487,11580,11064,11552,12379,12665,18039,18996,19076,15220,17820,19600,20282,17723,19663,16368,14338,15289,17011,19457,11198,11419,15235,14551,15731.53,18856,18999.5,19030
Irrigated Palay,Maguindanao,19260,25010,26130,21540,15760,17660,20120,35440,26860,26149,24263,20000,31198,30363,30690,36708,31912,40961,47149,39446,50625,45459,32500,31967,41604,33274,39058,35908,34845,27789,19599,24562,26502,26187.62,25745.77,34297.14
Irrigated Palay,Sulu,0,0,0,0,0,0,0,0,0,0,0,0,0,0,0,0,0,0,0,0,0,0,96,50,70,90,100,0,90,70,80,90,110,10,20,0
Irrigated Palay,Tawi-tawi,0,0,0,0,0,0,0,0,0,0,0,0,0,0,0,0,0,0,0,0,0,0,0,0,0,0,0,0,0,0,0,0,0,0,0,0
Rainfed Palay,Abra,7250,8800,7860,7800,6900,6170,6360,6820,4970,4350,4440,4270,4080,4086,4086,4142,4146,4129,4148,4149,9895,8920,8920,8910,9078,9108,9111,9106,9060,9074,9080,9061,8993,8833.8,8834.14,7246.65
Rainfed Palay,Apayao,0,0,0,0,0,0,0,928,838,545,432,329,301,6433,5248,5269,3854,4653,4850,5100,12668,12668,12193,12141,12057,12057,11584,11299,11282,8982,9368,7379,6876,8206,7892.2,6274.82
Rainfed Palay,Benguet,80,270,10,10,10,0,10,980,896,906,636,488,596,971,916,760,754,760,780,780,1010,1010,1006,1006,913,1086,1086,1086,1084,1288,1221,1221,1221,1221,939,939
Rainfed Palay,Ifugao,540,440,140,120,110,130,150,420,500,500,610,830,950,960,1040,983,995,1006,727,727,1040,842,842,842,857,857,860,860,860,860,860,838,517,533,502,760.66
Rainfed Palay,Kalinga,2290,4710,2890,2010,1280,970,630,542,423,263,300,84,69,983,926,557,1174,1282,1297,1375,1605,2226,2121,2039,2039,2019,2021,1943,1939,1815,1902,1547,1923,1915,1920,1902
Rainfed Palay,Mountain Province,2930,2380,2290,2270,1320,1340,1280,1170,1225,1233,1260,1260,1222,1224,1232,1367,1373,1114,1114,1114,1100,1139,1021,854,792,905,905,881,736,615,919,921,921,921,921,961.08
Rainfed Palay,Ilocos Norte,4160,13440,12510,11750,12490,12380,12690,12490,11130,6172,6954,5654,3793,10553,10675,10862,10812,10895,9166,12315,12164,12126,11587,11851,11800,12135,12076,11736,11448,11498,11497,11474,11408.66,11360,11203,9594
Rainfed Palay,Ilocos Sur,12380,19200,18740,21100,19810,18290,22990,26520,26278,25449,25056,24215,23934,24943,21861,23782,22260,21500,21700,22256,21601,22595,22381,22560,22350,21275,20250,20129,20197,19888,18827,18642,18642,18706,18331,18437
Rainfed Palay,La Union,12470,14690,12280,12360,13070,13440,13530,13500,15071,13193,13822,12994,11944,12891,13075,12995,13015,12941,12941,13165,13867,14819,14357,14378,14305,14137,14005,14201,14262,14316,14348,14290,14284,14256,14134,14145
Rainfed Palay,Pangasinan,82440,96160,97470,92840,94730,99760,94620,93680,92200,87280,86521,72160,62474,73265,73360,73767,73712,73702,73640,90732,91890,92189,85450,84564,80329,82251,80733,80530,81089,81261,81583,80064,79861,79763,80884,81573
Rainfed Palay,Batanes,0,0,0,0,0,0,0,0,0,0,0,0,0,0,0,0,0,0,0,0,0,0,0,0,0,98.47,7.92,88.35,84.94,22.64,70.95,64.78,72,79,49.35,57
Rainfed Palay,Cagayan,45450,36590,30110,26340,22080,19640,13930,40550,37619,42435,34535,18906,49838,48597,46622,42285,43334,52579,35362,49813,52539,57249,55527,41655,52681,52472,40351,50561,44949,36196,46813,43587,37701,41290,44100,46276
Rainfed Palay,Isabela,12360,12250,23190,21940,15600,13300,17560,17070,16113,20515,17710,1111,20873,23067,24013,19982,9068,11394,8155,14451,15192,18774,24797,18626,24612,27871,27838,23953,22368,18557,20982,22417,19474,16969,19024,19750.87
Rainfed Palay,Nueva Vizcaya,4290,2480,3320,1860,1400,880,380,4460,1589,1380,1279,262,2271,2327,2415,1750,1863,1813,1820,3155,3550,3680,3680,3577,3940,4520,4542,2833,3492,3677,3250,2603,2572,2611,2768,2443
Rainfed Palay,Quirino,5740,4260,5030,5040,4210,2530,2350,3710,2472,2588,2776,841,3145,2501,2278,2040,1665,2168,2180,2465,2045,2498,2128,910,2537,2095,2217,2351,2029,1900,2380,2463,2084,2363,2703,3536
Rainfed Palay,Aurora,2260,870,2160,1880,2560,2850,2290,1590,2615,2590,2840,2510,3419,3413,3042,2925,2380,2172,2300,2130,2180,1766,1770,1557,1449,1605,1521,1356,1348,1286,1682,1622,1056,1092,1297,1142
Rainfed Palay,Bataan,60,200,70,90,70,160,30,0,75,500,75,105,190,225,150,225,125,180,205,200,798,811,798,600,725,456,558,557,550,470,413,400,371,333,352,319
Rainfed Palay,Bulacan,31240,29760,25740,26720,26940,22550,22790,21930,24615,22988,22800,20253,21330,19200,21054,20675,20200,20100,20050,19944,20664,21311,21386,20144,11960,14504,14615,14900,14199,12160,14897,13859,13100,13150,14897,9188
Rainfed Palay,Nueva Ecija,33290,43220,54690,64630,58190,52770,66100,55070,46324,44487,45003,26638,39504,39498,41310,41465,41344,40200,38200,38850,38700,39600,38731,38810,37250,38387,38191,37528,37937,34373,33178,33181,23820,20878,14412.02,6085
Rainfed Palay,Pampanga,5760,5040,4180,6390,3580,2440,1710,3080,6900,6335,3710,2600,3905,3955,3150,3005,3220,3175,3242,3528,3504,3640,2425,3090,2920,3180,3680,3705,3569,1395,1474,1405,280,0,0,0
Rainfed Palay,Tarlac,31320,31650,20380,25050,30520,34840,45390,36300,31035,25029,26338,21318,18674,16275,15870,12157,11324,11238,9828,9479,9782,9653,10024,9071,9240,8890,11650,10615,10499,10921,9444,6399,8262,8366,5121,3385
Rainfed Palay,Zambales,13830,11440,11160,11190,3670,5630,7140,8280,8680,8515,8650,6903,8490,8222,8136,8286,8286,8170,8198,9283,8900,9170,9082,9056,9145,8868,8938,8578,8731,6237,8010,7818,7824,7789,8624,9076.65
Rainfed Palay,Batangas,19690,21200,20910,19110,17990,15790,14710,19710,17600,15670,11870,10520,12000,11890,10890,10460,9711,7165,4910,4345,4410,4920,4824,4417,4979,5428,5479,5135,3410,4401,5082,5234,6074,4989.12,4767,3621.59
Rainfed Palay,Cavite,3050,2950,1530,4660,4560,4290,3610,4430,3475,3240,3786,3700,3800,2667,3160,2850,2890,2750,2600,2321,1890,2083,1870,1400,1867,1280,1348,835,826,650,650,651,648,650,342.9,228
Rainfed Palay,Laguna,3660,2990,3650,3690,2620,3220,2980,1080,1014,760,715,320,733,670,993,817,600,640,560,540,580,524,520,519,496,620,562,249,206,124,147,385,336.82,697.21,1070,1263
Rainfed Palay,Quezon,30400,45890,50490,37390,30510,35090,32240,30420,30670,38233,30913,22997,28864,18102,24163,25219,24720,24924,24044,21383,21411,23759,24166,17894,23158,25148,24672,22513,21893,24640,25277,20747,15577,22873,23237,21437
Rainfed Palay,Rizal,2730,2070,1560,720,500,610,630,1070,875,975,1010,783,1050,1009,1150,965,1092,1198,1216,984,912,810,534,400,575,414,2042,1645,1637,1620,1855,982,915.05,856.9,686,653
Rainfed Palay,Marinduque,8160,7120,6200,11610,11770,9340,11070,11360,15500,15346,9127,10302,12955,12840,12868,12925,12647,9891,8476,8251,7211,5802,5395,5112,5880,4267,3845,3374,3560,3195,3811,3405,1754.52,2989,3042,2718.97
Rainfed Palay,Occidental Mindoro,36600,30080,22270,22750,30730,34430,34360,28600,26920,25804,25153,19030,26395,25436,22083,24203,25185,23453,23636,23027,25775,32203,29727,28122,28299,28390,28469,28415,28453,28585,28529,28565,28602,26713,27720.38,27956
Rainfed Palay,Oriental Mindoro,36050,38990,38490,35480,29470,22980,19450,22050,28460,27699,28435,27332,28441,28555,28765,26897,20845,20349,20142,22495,23197,24118,22201,23545,22969,20622,20691,18746,16062,16701,17589,17539,17145,16052,16723,16935.81
Rainfed Palay,Palawan,23240,24040,29820,23410,29280,30410,26040,65160,47768,35903,40610,31580,36139,46011,49465,48733,48347,48818,42372,44245,48103,41900,46549,34642,33737,37130,36323,35773,34942,33395,39300,39260,40981,40387,45843,47825
Rainfed Palay,Romblon,11900,12570,10690,11290,11690,11260,10920,11420,11640,12616,12611,5740,12612,9774,9228,8067,8665,6835,5780,6292,4040,4777,4916,4951,5114,5173,5157,5132,5059,4940,5334,5349,5060,5243,4995,5212.98
Rainfed Palay,Albay,8930,9060,6750,6220,5810,6430,5920,10130,9589,12100,11060,9794,11240,10710,9834,11317,10279,11848,11148,9750,8106,11287,11144,11553,12510,12218,11985,11149,10924,10418,10396,11007,9880,9973,10289,10129
Rainfed Palay,Camarines Norte,4510,4460,4990,5040,5410,4690,2910,5250,4070,5610,4590,2370,7050,7200,6510,5380,4038,6104,7651,7102,6525,8062,7568,7261,7763,8682,9294,10275,8425,8843,10281,9915,8310,9820,8381,8554
Rainfed Palay,Camarines Sur,44100,51020,46400,40400,46170,45710,39690,38620,32360,48060,38570,24960,48910,42010,37890,42190,35720,34940,37715,31890,32145,34416,41216,34276,42310,40439,42480,35170,40037,44097,44118,42851,42540,49468,42164,45849
Rainfed Palay,Catanduanes,8000,10610,9880,7990,8570,8060,4580,7350,5830,7490,6040,2825,7080,7050,6880,4436,6553,7473,6974,8217,6344,6522,6404,6752,9243,6142,5347,6137,5499,5624,6714,6375,5267,5020.53,4217.24,4133.68
Rainfed Palay,Masbate,55940,57500,51070,31360,35300,37320,32520,42980,40090,41420,42810,35970,36160,36780,38760,36020,40792,42502,42482,32448,29750,30531,31992,33603,32355,38487,41905,42089,39583,40456,40439,40072,39958,40187,40113,40953
Rainfed Palay,Sorsogon,10910,17360,22360,16690,18650,15340,14210,14380,10620,13610,13670,7570,13430,11880,13450,10795,9679,9474,6542,8172,7131,7126,9218,7103,10571,10849,9962,10671,8538,8446,9720,10202,7944,8852,9134,10389
Rainfed Palay,Aklan,16680,14130,10910,15330,14760,15080,15410,16420,16590,17730,16663,17654,21093,20283,20934,20469,22674,25204,27118,20620,22395,20797,23667,16306,21072,20768,21549,17987,17166,16520,18752,17829,17743,18815,17141,18782.49
Rainfed Palay,Antique,15530,17190,15330,10460,16260,16100,16190,17680,15530,21893,21386,18570,20530,21263,20980,22266,31576,29599,30111,28789,26700,30799,34182,27930,36831,34801,36575,34022,34987,32623,34786,35414,34909,35999.94,38015,39452
Rainfed Palay,Capiz,68410,68400,69060,66650,67580,64890,67150,73870,73650,79952,80190,77767,83856,89662,89456,90471,79894,76251,80308,78248,76035,75043,87862,77878,83294,84695,74678,66488,63020,62585,73439,82715,68836,78474,88129,83391
Rainfed Palay,Guimaras,0,0,0,0,0,0,0,10630,11400,16005,15121,10985,18975,15896,14005,14286,13554,16535,15182,15244,15998,16326,17515,14396,16010,17108,14399,16041,12593,12569,16357,12876,13758,16817,15451,16894.94
Rainfed Palay,Iloilo,161410,146380,127960,96790,148570,136180,121000,112120,100450,106944,99903,60917,107004,102371,108909,116244,110356,121912,106010,114572,120918,134001,134035,96128,142125,164520,140036,146697,148267,137258,172287,179301,162847,172712,179205,181976
Rainfed Palay,Negros Occidental,54410,39590,38550,28990,34520,29460,34090,39870,25940,23252,17672,15386,30203,29083,22893,26857,25815,28015,29050,29860,31140,32055,35496,35051,40085,41330,40849,41318,41549,38938,40351,40990,41701,41410,41745,41656
Rainfed Palay,Bohol,58170,47280,70880,50660,62040,41250,66610,66750,65870,60958,56935,17372,49170,51948,46655,49396,28673,36521,31329,45537,41809,44740,43449,39572,41013,40059,40165,39402,38055,23977,33976,30771,24974,26766,28401,25864
Rainfed Palay,Cebu,3690,3570,6510,4510,4070,1440,600,1420,1655,1520,1011,60,1210,770,635,580,280,385,282,420,355,470,449,428,617,622,592,547,291,192,331,405,304,304,348,471.93
Rainfed Palay,Negros Oriental,2680,3630,3220,1690,2280,1570,1430,2560,4645,4840,4845,3515,4672,4768,4955,4150,3578,3839,3740,3987,3675,5075,4826,4322,5383,5271,4857,5036,4959,4227,4893,5046,4556,4910,5174,5343
Rainfed Palay,Siquijor,30,0,280,160,20,0,0,40,190,249,175,20,240,250,115,142,131,143,84,67,50,82,120,88,132,86,72,82,64,0,114,67,32,51,99,132.16
Rainfed Palay,Biliran,0,0,0,0,0,0,0,1140,1375,1200,1182,1056,1239,1287,1257,1014,863,875,760,758,543,433,371,208,157,126,119,102,102,90,24,0,0,0,0,0
Rainfed Palay,Eastern Samar,9960,12100,13210,14520,15990,15080,12560,12790,12680,12795,12370,7746,12492,12744,12758,12768,12781,12791,12807,13946,14290,14771,15229,16568,15804,16209,16420,16516,16450,16428,17590,17616,15952.58,14091,16129.22,18677.84
Rainfed Palay,Leyte,44880,35440,30510,30630,32540,31290,24750,26880,26750,27760,31030,28398,36784,36919,36965,37011,37055,37111,37134,37865,46147,48935,46908,48126,47168,46894,46909,47273,40268,38945.7,40212,39538,34730,34752,27470,27694
Rainfed Palay,Northern Samar,31350,34370,39560,39630,48770,48150,34000,34350,34305,34509,34504,33645,34145,33904,36711,34696,34768,34833,35030,35141,34157,35579,33269,33677,35316,35635,36730,36768,36767,35296,36124,35321,31161,35781,27961,27543.86
Rainfed Palay,Samar,35690,41310,45080,40850,43590,38840,36390,37700,37860,38233,38270,25833,36135,35878,35897,35911,35926,35919,35937,35945,39217,42036,42458,44643,49235,49564,49759,49770,45458,49603,51409,51716,51482,54171,52705,50219
Rainfed Palay,Southern Leyte,5020,3460,4270,3360,3550,1050,2270,2850,3135,3277,3416,1140,2960,3341,3373,3390,3420,3535,3546,3599,3355,3421,3529,3215,3127,3119,2906,2863,2770,2486,2149,2129,1508,1450,1487.77,1384.93
Rainfed Palay,Zamboanga del Norte,16290,21550,17570,25840,24250,12130,13190,14880,18990,26154,19165,12500,21395,19073,17456,15740,19581,21731,17854,19357,19085,15147,17520,13512,16123,19341,20782,21485,22400,19171,20693,22806,17109,20042,18971.63,18117.4
Rainfed Palay,Zamboanga del Sur,41850,45320,37910,29960,33860,30660,38990,34500,34710,37020,31074,28716,30389,39950,40221,22605,23450,23218,23227,16974,18285,15325,14192,14345,16314,17523,16871,17697,17889,17515,23229,27337.4,22347.27,22189.7,24494.38,22982.73
Rainfed Palay,Zamboanga Sibugay,0,0,0,0,0,0,0,0,0,0,0,0,0,0,0,19170,19139,20453,24448,19092,22318,23472,26808,25839,29775,27275,26742,26901,26425,25487,25608,25747,25541,24474,24373,26136
Rainfed Palay,Zamboanga City,2640,3230,4570,3690,5430,2840,3010,4030,3386,4597,3492,1885,2385,2443,2277,1497,1477,1386,1349,1406,1670,1685,1819,2012,2500,2586,2550,2449,2371,2421,2480,2527,1902.4,1762.49,0,0
Rainfed Palay,Bukidnon,19120,13530,21060,13350,26430,15410,14810,11290,5526,5118,3665,2669,3248,2121,2593,2457,1971,2323,2148,2875,4231,5433,7083,7899,10559,10084,10579,11618,11932,10195,13185,13465,13523.5,14820,14820,15471
Rainfed Palay,Camiguin,0,0,0,0,0,0,0,0,0,0,0,0,0,10,10,5,5,6,6,5,5,8,6,6,11,11,11,3,4,1,0,0,0,0,0,0
Rainfed Palay,Lanao del Norte,3840,6570,3170,2750,4550,3170,4100,10490,10505,11554,10878,9495,12528,11172,12536,13595,10835,10985,7990,7501,6194,7420,8150,6590,7612,7675,7035,7105,6850,6460,6050,6200,5712,6080,5815,6526
Rainfed Palay,Misamis Occidental,1560,630,370,520,430,130,840,770,1405,1384,1007,550,378,592,523,1020,560,650,730,737,747,1295,1272,1433,1493,1471,1643,1648,1632,1537,1615,1225,1125,1060,780,749.83
Rainfed Palay,Misamis Oriental,1090,1540,1360,860,1010,760,730,1630,1178,1476,1360,231,217,278,332,385,348,355,310,315,352,466,605,391,465,368,400,599,587,337,407,396,285,502,383,444.04
Rainfed Palay,Davao de Oro (Compostela Valley),0,0,0,0,0,0,0,0,0,0,0,0,0,0,0,2507,3511,3918,2529,3606,3446,3560,3516,3673,3968,4797,4658,4415,3472,3647,4497,5001,4902,5791,5692,5486
Rainfed Palay,Davao del Norte,23810,29520,34510,23480,19420,2570,8930,3040,3570,5143,4428,2999,4986,3450,3834,977,1312,1241,1109,1089,1624,1860,2691,2302,2459,2821,3006,3095,2276,2082,2517,2551,2617,2569,3104,3376
Rainfed Palay,Davao del Sur,3570,2360,2750,5960,4570,3220,860,540,543,2704,447,0,1134,1185,1212,2278,1777,1778,1675,1965,982,510,450,482,530,510,665,678,648,557,1027,1160,0,27,1467,1421
Rainfed Palay,Davao Occidental,0,0,0,0,0,0,0,0,0,0,0,0,0,0,0,0,0,0,0,0,0,0,0,0,0,0,0,0,0,0,0,0,341,377,462,397.5
Rainfed Palay,Davao Oriental,1820,1450,1350,1180,1390,1510,3000,3380,3450,4607,5927,2062,4536,4977,4989,5179,5618,5348,5241,5435,4238,4337,2943,3184,3248,3973,3804,4023,3106,3207,4083,3644,3826,3327,3498,3439
Rainfed Palay,City of Davao,6590,6180,5480,5120,3340,3060,4000,3960,13115,10919,7809,4841,7364,6593,7413,7913,7668,5201,4982,5423,3375,2010,1993,1951,2259,2353,2222,2368,1741,1233,1657,1872,1530,1645,0,0
Rainfed Palay,Cotabato (North Cotabato),19360,22130,26570,12850,13390,13310,15850,31050,43850,49700,46099,32066,43555,36463,34442,31964,29514,35739,34403,36964,35085,40742,41248,34416,38267,40962,35868,35852,34045,28881,32857,33510,30493,33561,34060,33852
Rainfed Palay,Sarangani,0,0,0,0,0,0,0,3670,6210,6097,5620,5513,5546,5733,7096,8379,6621,6073,5229,4798,4783,4327,5272,4945,5029,4881,4230,4293,4144,3520,3274,2929,2325,2331.98,2284.99,2283.14
Rainfed Palay,South Cotabato,11470,13310,10970,9500,14900,11540,10130,15300,18230,16490,10179,3810,9152,8036,6834,7325,7749,8827,8431,11351,11653,12405,13704,11529,14788,15659,16550,16400,15005,14534,16865,16700,14121.66,15384,15944,15270
Rainfed Palay,Sultan Kudarat,28990,24680,22170,31880,25670,18230,19250,20550,19273,22074,18058,8271,12210,10067,6377,10505,11521,13688,12115,14833,17312,21760,22410,20969,22231,21096,23575,24138,23018,19590,21201,21731,19832,20578,22312,20838
Rainfed Palay,Agusan del Norte,12070,8660,9900,8530,12530,1540,10260,6190,13750,16850,8005,400,6163,7978,9045,7150,7097,6857,7652,7976,9057,8807,7069,5653,5793,5384,6200,6493,5580.95,5201,4834,5002,4079.23,2520,2975,3544.33
Rainfed Palay,Agusan del Sur,10340,6760,7830,10050,6930,8660,8780,19660,27400,23625,18884,13717,17691,17490,17745,16595,13855,13580,14672,17743,20278,24599,25135,24906,32797,42949,51093,48979,40654,37579,43440,42175,39139,42290,42037,47893
Rainfed Palay,Dinagat Islands,0,0,0,0,0,0,0,0,0,0,0,0,0,0,0,0,0,0,0,0,0,0,185,965,725,690,900,885,858,816,1006,1106,858,1003,1051,1114.77
Rainfed Palay,Surigao del Norte,840,2320,610,830,530,380,480,2030,11957,11669,7139,4800,6801,6997,7644,8562,9658,8205,7895,8330,8195,8384,9064,6428,6922,6303,6550,6444,6731,5162,5291,5844,5946,5909.24,6019,6019
Rainfed Palay,Surigao del Sur,17300,15680,18460,17300,17600,13870,14580,14560,17110,11655,10093,6780,7065,7138,7232,6056,6441,6380,5960,6298,6038,7196,9788,7935,7351,10226,12030,11297,10914,8442,10989,9433,9042.78,7104,7372,9396.17
Rainfed Palay,Basilan,2460,1650,3600,2760,1200,1550,810,790,814,1367,1102,1602,1469,1847,1494,1070,1013,1050,835,675,734,1030,618,785,553,465,160,200,210,122,159,230,105,39,54.67,39
Rainfed Palay,Lanao del Sur,22120,21990,17970,25050,18750,12640,16720,30740,29677,28873,30372,23600,27567,27208,41233,44715,45766,36524,34140,34408,36563,43473,38404,44126,43511,47632,49569,39763,45157,42483,51232,55250,54069.47,57241,57789.5,57937
Rainfed Palay,Maguindanao,20300,34100,38650,43170,15430,14580,45190,69650,80410,86585,71720,56800,74752,71774,67796,66967,68585,87023,94353,97147,87047,88694,110255,110837,96581,103003,117370,119027,100230,128765,132861,129464,110062,130236.82,132765,129665.38
Rainfed Palay,Sulu,8870,8540,7760,8400,8480,8140,8110,6610,7580,6329,5630,4011,4330,4150,3950,3995,3510,3256,3145,3000,2970,2750,1982,1803,1502,1542,1467,1410,1381,1200,1309,1402,1300,503,1097,614
Rainfed Palay,Tawi-tawi,2040,2330,2330,2330,2330,2330,2330,2670,1605,1731,1840,1602,1780,1466,1235,1205,1290,1651,1693,1670,602,555,530,593,465,424,308,311,247,131,121,17,121,165,141,141
Palay,Abra,15870,16920,16580,16610,15370,14400,14520,14430,16750,16680,16460,15800,16062,16232,16272,16478,16612,16771,16800,16833,23615,22695,23675,23673,23882,24023,24031,24056,23987,23993,24014,23541,23542,23382.67,23383.41,21795.55
Palay,Apayao,0,0,0,0,0,0,0,11918,12742,12351,12389,12376,9999,18588,20323,20373,19232,22188,22317,23120,28944,29636,29333,29281,29376,29429,28942,27566.4,27552,24950,26245,23312,24398,26011.46,25029.2,23384.85
Palay,Benguet,3400,3850,3960,3610,3000,3430,3640,4840,4812,5000,4820,4304,4881,5594,5932,5858,5647,5910,6012,6080,6350,6314,6236,6194,5994,6286,6286,6286,6284,6564,6976,7098,7124,7124,6842,6842.32
Palay,Ifugao,10280,9460,9570,8530,7220,9170,9180,9270,12381,12107,13674,12491,13663,14238,14328,14207,13917,14457,14679,15531,17034,17229,17129,16974,17193,17193,17234,17259,17259,17253,17248,17220,16099,15432.82,12738.33,12007.31
Palay,Kalinga,27810,33090,25310,26710,25020,24870,25020,20562,21534,21323,21916,18018,21883,22067,32613,30508,30286,31742,30407,33459,33743,36338,35803,34763,36070,36758,37044,37041,31424,33059,35913,35062,34579,25485,28397.81,28356.49
Palay,Mountain Province,10380,10480,9180,9110,8720,8120,7220,7210,8168,8148,8010,8040,8075,8365,8549,8807,8737,9103,9160,8998,8449,7604,7192,6172,6264,6411,6382,6268,4976,4821,5159,5154,5021,5126.25,5165,5181.52
Palay,Ilocos Norte,30310,43090,39200,44180,48180,47910,44110,46720,48285,51219,51907,49534,55213,61147,62068,62585,61977,63512,62200,62470,63127,66195,66281,66694,66482,67217,67435,66625,66233,65832,66298,66053,66002.66,66213,65819,63909
Palay,Ilocos Sur,27390,33800,32110,33590,31880,30370,38630,44870,44243,42725,41629,40696,40657,43523,41644,43105,44010,46133,46639,46515,46473,47058,46898,47661,47744,47786,48175,48390,48361,47860,48343,49004,50154.68,51082,50486,49668.35
Palay,La Union,28420,31180,31170,34510,31850,28380,33800,33480,31974,30171,31653,30542,30629,32484,32837,32966,30687,32125,32064,34075,35176,36961,36413,34228,35758,36396,35575,36772,38255,38304,38810,37919.39,38363,38869,38353,38424
Palay,Pangasinan,194490,204200,196050,194210,200340,198490,193780,192830,198462,213234,218229,181323,207392,214063,216242,215472,217686,221275,221252,233366,232585,238549,239747,245527,242433,251770,255628,260632,260087,260639,258367,253005,252619,251537,254377,255407
Palay,Batanes,0,0,0,0,0,0,0,0,0,0,0,0,0,0,0,0,0,0,0,0,0,0,0,0,0,101.17,9.35,91.76,86.19,23.09,70.95,64.78,72,79,49.35,57
Palay,Cagayan,107760,111540,107660,94370,84440,81280,69210,130520,125968,134691,145959,126924,161888,164633,164084,157169,154706,167318,145341,187279,185166,200095,189861,183340,212253,219696,216578,227493,219194,194763,222871,196168,210784,221113,231562,238925
Palay,Isabela,175820,178750,197180,204280,193410,198980,181090,192410,217062,219228,221536,173967,252276,260140,264780,234240,227262,251365,258762,245307,245210,260218,266429,251064,273032,283149,286618,286319,282903,278001,279291,281326,286574,286929,289694,291251.87
Palay,Nueva Vizcaya,33670,34900,37140,32020,32310,31760,29550,40640,45027,44898,45609,44847,51855,50939,52853,53494,54410,53666,53409,54923,55732,56662,56879,54300,55999,57906,59574,55954,60466,62207,62324,61618,61304,56577,65106,64836.25
Palay,Quirino,16360,15880,16910,16980,15130,14190,15050,15970,15054,15439,14886,11901,17648,17221,17212,16011,14001,16246,16460,16084,15835,19941,20146,17647,21522,21705,22515,21802,21470,21890,22540,22840.73,24149,25019,26710,26925.19
Palay,Aurora,11480,14630,13240,17620,17190,18000,20130,17760,20520,20117,20223,19725,21951,22469,22105,21225,21905,21250,21720,21560,23242,23564,23722,23252,22885,23081,22100,23136,21972,21559,23839,26456,26218,23198.12,26072,24064
Palay,Bataan,18930,20380,17160,17300,16770,17050,17030,20460,21172,27149,27900,25978,25916,24678,26723,26620,27655,27495,28568,29529,29940,30294,30764,31604,31117,31133,32290,32328,31835,30391,30074.82,30412,28478.45,28264.07,26962.97,27034.69
Palay,Bulacan,88050,83170,84630,79110,83810,83540,76170,77590,76865,78666,76317,40857,77830,72960,73734,74800,72981,71665,71103,72476,73685,81115,79925,79161,60219,79723,82070,81959,79297,80726,82801,82534,77990,81386.78,87085,89778
Palay,Nueva Ecija,195180,187690,234270,240210,241740,224900,238600,257300,263083,253591,249579,203460,240643,243525,245763,239127,243499,244450,245223,255618,274850,285905,295840,299844,286821,304189,315376,318284,308446,313448,324042,333177,336330.21,319331,318691.84,293050.61
Palay,Pampanga,51520,50860,53860,51590,42800,38730,39390,59980,68531,65646,62300,44813,60719,60777,61198,62560,66095,63733,65221,74503,85158,85910,74236,84746,68826,84257,90965,91611,90330,91815,92288,91078,91469,86152.12,94590.7,98182.85
Palay,Tarlac,101640,96180,99720,105100,97990,92720,89420,98730,97071,95297,103325,92202,98515,102564,102746,106300,112617,111644,113139,111136,126088,129659,129490,133424,116734,123255,134864,136445,134086,133780,135075,130935,138871.76,136876,139689,139963
Palay,Zambales,28640,26770,27750,28060,16760,14650,16400,19410,20840,22015,23086,21321,24446,25288,25701,24244,24977,25515,26046,28211,27950,29862,30144,29870,30285,30143,33152,33428,33680,32466,32810,33112,31427,36000,34971,33005.31
Palay,Batangas,31350,35210,36210,37790,36200,34740,29680,33050,31118,29290,26212,22595,24290,25140,24134,23846,22981,19579,14865,13683,12470,14594,14129,13454,14516,14678,15620,15072,13085,13761,13196,13427,14252.56,12781.15,12714.35,11952.29
Palay,Cavite,15620,17710,16240,18320,19380,17980,16410,17750,14997,16071,16481,14905,16515,13947,15234,14674,14738,14490,14300,11935,10820,11401,12364,11930,12482,11107,11499,11783,11634,10572,9995,10318,8105,7380.13,7514.87,6185.41
Palay,Laguna,37720,33850,34490,30010,31600,32740,33280,28790,29155,30464,29101,36830,35142,32046,28214,23923,23888,25217,24510,24270,28080,30049,25313,28138,30672,29895,29779,30619,31349,31261,30613,27673,30672.96,28378.25,28368,29320
Palay,Quezon,57190,75100,84340,72200,66170,71620,70440,65470,58850,64194,52669,41296,59072,47482,52482,53506,52052,52348,47035,45534,45745,48471,49459,43260,48544,50918,50445,51021,48901,52920,54044,49851,44183,53331,56092,52297
Palay,Rizal,7660,7550,7380,8080,7270,8500,8550,8390,8300,8560,9096,7808,9105,9192,8667,8419,9403,9389,9526,8609,7599,7605,5773,7342,7972,6412,8175,8073,8097,8254,8500,7380.63,5993.25,4395.16,5848.75,5857
Palay,Marinduque,9560,8600,7730,12780,13290,10930,12560,12970,18290,18149,12237,13627,16335,16422,16420,16419,16185,13414,11568,11660,10555,9136,8806,7734,8668,6592,6509,5794,5868,5665,7294,6074,4190.52,6256,5949,5823.89
Palay,Occidental Mindoro,78220,75570,77420,59470,73040,72980,71630,63310,62113,66495,65922,52082,65656,65625,60445,63842,65968,60932,59263,59259,67357,79621,82569,82389,82101,83459,84898,84940,85595,86300,86088,87984,83196,79430,85970.38,85595.26
Palay,Oriental Mindoro,64170,75040,73580,75050,86980,81990,79260,70470,78122,79481,81389,78204,79806,81802,82120,79947,77121,75023,76285,79045,80462,82064,89035,91590,99092,105054,105465,101626,101514,103990,105509,106676,105336,99896.6,102216,101593.32
Palay,Palawan,34530,34780,39190,33530,44820,46200,42460,86890,71868,59300,66300,55247,65933,77729,80732,80339,79950,80430,72499,76559,80417,74067,81333,70548,69973,74762,75544,78204,80507,81898,92713,95062,97044,97215,105879,111118
Palay,Romblon,13510,14820,12560,16530,15940,15600,15830,16490,16835,18314,18659,11324,18570,15657,15303,14331,15451,12820,11192,11872,9012,9515,10158,10123,10917,10881,10540,10356,10102,9989,10843,10994,10136.47,10443,10116,10504.82
Palay,Albay,46940,56310,46820,50090,55160,55390,62200,67120,62973,64850,59030,47304,53040,48300,41537,45974,44441,47402,51528,48174,42027,45842,48638,51159,55269,55494,55964,53488,51883,52095,54184,53589,53386.65,53893,53633,54018
Palay,Camarines Norte,16850,19270,17710,17780,20730,21350,15400,17890,15310,17540,15010,12370,20020,18930,18720,16840,15115,19630,21050,20418,19470,20814,20671,20986,21428,23521,25369,25493,23016,23867,26653,25444,22433,24593,23833,23965
Palay,Camarines Sur,113200,137170,134420,114510,118010,108990,100480,113510,113410,128140,127170,95910,140640,135710,133930,130030,128078,142486,146487,136277,147262,143795,158348,158870,150652,156312,159105,145973,171244,180583,182831,179100,174420,173024,173208,175972
Palay,Catanduanes,9940,14290,14310,13160,14520,12480,8650,10560,10430,13370,10580,5475,11500,10570,10620,8863,11933,11406,10656,12149,12064,11600,12993,12240,15152,10924,10339,11498,10663,11635,12349,12133,9944.6,8914.99,8405.56,8065.02
Palay,Masbate,59110,60930,52970,34860,38620,41290,37200,46150,43200,44550,45740,39390,39660,40330,42300,39310,44089,45889,45938,36715,35650,38485,39148,41847,41091,51807,57401,57441,52039,52264,53233,52410,52247,52661,52560,51705
Palay,Sorsogon,36690,43390,47040,45270,48490,45430,43810,41610,35940,37690,39280,28270,37070,35980,38810,34954,33480,33617,28890,27750,29901,30182,33804,31702,34769,36217,35021,35680,33462,33645,34573,34978,29300,33543,34370,35123
Palay,Aklan,35430,34460,37360,33450,35430,35460,37150,38450,37890,38630,35684,36263,43428,42218,42491,40158,43638,47541,48312,41976,43082,40451,44655,33273,39245,38895,41009,34029,32458,32796,38832,36438,33780,38403,34447,38406.44
Palay,Antique,35930,37320,39280,34280,47630,46760,45290,49780,48740,64894,62195,60177,66373,71388,71407,70923,67743,69183,73126,74504,72872,76499,80633,62507,84013,80915,83437,80942,82081,77046,80305,83271,83663,71092.94,82608,84425
Palay,Capiz,81190,80960,84000,80520,82760,80370,83000,92240,92570,101312,99031,93276,106216,112924,111983,114647,109582,104282,108494,106874,107871,107783,121320,107440,111296,112559,100634,95593,94234,92510,104456,114648,97167,109110,120053,112283
Palay,Guimaras,0,0,0,0,0,0,0,15070,13260,18095,18651,14203,22933,19941,18075,16961,17329,19350,18222,18594,19685,20238,21547,17788,20281,21815,17476,19706,15531,15377,19864,16193,17342,21410,19733,21527.82
Palay,Iloilo,213870,208750,190890,150680,206010,203380,216840,208540,194350,220254,206558,140690,224666,217374,219196,239718,238382,254968,230086,257262,244115,285623,281910,203436,275877,289535,250791,264269,271954,236830,286550,292111,267843,290498,293076,297721
Palay,Negros Occidental,96120,85560,85840,74460,84330,79360,86630,103220,81480,92911,81277,69093,110000,108832,96081,102500,101497,107169,108880,111925,113970,115603,119241,116809,123473,125091,122926,124188,126057,118196,124796,126200,126906,126422,127010,126937
Palay,Bohol,72350,60600,84570,63310,75990,53980,81030,83840,82800,80918,78875,31800,71338,73883,70915,70417,54188,63105,55776,72459,70541,76063,74622,74958,77841,77226,77757,77130,75260,55406,72589,70117,57400,65009,67907,62244
Palay,Cebu,7870,8020,9920,9520,8950,4540,3660,4750,5130,5226,5073,2860,5505,5540,5395,5465,4960,5189,4789,5074,4957,5233,5179,4744,5367,5280,5346,5125,4480,4208,4378,4264,3822,3631,3769,4068.32
Palay,Negros Oriental,23300,27860,42760,39490,38610,36560,23860,19260,23835,20910,20815,17505,19582,20698,21210,19645,19821,20209,20425,21159,21315,23053,22253,21341,22739,22539,22406,21351,21952,20047,23139,22548,20412,21377,23224,22091
Palay,Siquijor,860,340,2600,1150,830,630,600,670,865,1023,978,504,997,1072,952,991,929,933,860,792,694,805,873,832,877,752,682,682,735,492,724,690,458,447,609,813.57
Palay,Biliran,0,0,0,0,0,0,0,13440,16245,15234,15027,14135,15042,15409,15454,15362,15329,15364,15343,15545,15293,15163,15079,14880,14845,14814,14807,14791,14791,14769,14383,12383,12291,12303,12292,12169
Palay,Eastern Samar,10970,12410,13560,14900,16500,15720,13190,13440,14077,14277,13770,8849,14027,14252,14274,14324,14345,14367,14396,15632,16715,17910,18473,19837,20388,21054,21373,21519,21401,21430,22587,22496,20850.58,18924,20786.28,22594.62
Palay,Leyte,111850,102190,92580,90420,98070,96940,94010,78030,82281,84200,88480,83783,99222,96494,101791,103265,103381,103516,103767,104869,128726,136344,131605,131511,134003,133090,128140,128993,119183,116487.7,118416,119294,113560,112375,106149.27,106920
Palay,Northern Samar,31730,35960,40630,40780,50650,50720,37260,37660,37655,37884,37891,36654,37510,37242,40081,38121,38251,38370,38700,38871,38039,39840,37356,38183,39636,39664,41047,41106,41094,39746,40596,38497,34392,40021,30681,30268.57
Palay,Samar,36950,44660,47600,43870,46210,42040,39120,41560,41820,42272,42345,29301,40222,39962,39983,40006,40027,40031,40060,40072,43488,46694,47201,49385,54336,54698,54841,54744,50079,54216,55962,56312,56187,59697,58422,56214
Palay,Southern Leyte,12090,10550,12180,10140,10280,9590,12310,13700,14410,15001,15766,12607,15115,15638,17741,17178,17188,17705,17875,18232,18125,20622,22897,21895,21725,22074,21945,21867,21767,21461,20945,20804,19239,19096,18944.77,16003.79
Palay,Zamboanga del Norte,23250,27890,29220,35780,35680,20040,21360,25170,30158,37928,33105,25431,34915,32252,30835,30545,33091,34962,31088,32762,32253,30350,32655,26748,30123,33286,36880,36362,36840,30941,35963,38336,31780,34713,35478.14,34346.67
Palay,Zamboanga del Sur,81630,94070,86630,78560,79850,71930,81580,79890,80577,84680,87845,67713,84820,111590,110284,72705,74311,72262,73781,60715,66470,67149,68950,70364,74036,72480,73196,75171,75211,73747,84950,85968.18,81989.96,72737.6,82634.39,82190
Palay,Zamboanga Sibugay,0,0,0,0,0,0,0,0,0,0,0,0,0,0,0,42443,42323,43777,47972,42019,43183,41500,45531,41681,47110,44513,44314,44352,44040,43088,44051,45318.13,44530,43627,43788,45832
Palay,Zamboanga City,5660,7690,10550,9800,12580,8920,9050,9450,8886,9864,8186,5633,7376,7732,7327,6173,5395,5401,5744,5681,6372,6315,6607,6277,7155,7609,7331,7211,7545,7515,7424,7918,6639.14,6548.99,0,0
Palay,Bukidnon,53960,52830,76450,71490,86300,77510,80130,79140,72132,67584,58874,59749,68864,70510,67289,66397,61692,60339,61303,62696,67398,72934,81708,80561,87435,88975,92574,94175,96661,94028,98102,98499,98524.5,100805,100846,105962.32
Palay,Camiguin,980,920,720,710,620,260,480,960,833,743,774,613,756,661,575,476,507,510,463,554,557,606,614,606,637,647,658,651,653,542,592,579,503,563,578,596.75
Palay,Lanao del Norte,26330,25940,25480,22520,27270,21670,29800,37110,41455,44568,43783,45735,45999,48665,54395,56275,51591,47224,41419,37444,39063,39675,40350,37630,39617,40174,40060,40214,40042,40394,40047,40197,39412,40560,39673,42211
Palay,Misamis Occidental,9760,10080,10650,8670,9550,7660,8410,13690,17893,17602,17033,16455,18220,18262,17797,15574,15842,15785,15646,15630,15791,17441,17793,18113,18308,18608,18846,20004,20198,19909,19508,19518,19390,19229,19255,18971.91
Palay,Misamis Oriental,8190,9490,11560,9390,10410,7730,7510,7660,7298,7407,6953,5448,6497,6122,6151,6225,5834,6076,6040,6168,6440,6620,6805,6414,6413,6308,6200,6370,6201,5336,5928,5976,5858,5958,5518,5661.62
Palay,Davao de Oro (Compostela Valley),0,0,0,0,0,0,0,0,0,0,0,0,0,0,0,24796,25686,25627,24252,25094,23149,22983,23651,24290,24764,25227,25147,26398,24878,25070,25333,27715,27978,29441,31374,31528
Palay,Davao del Norte,63380,69830,75310,80090,76200,41320,53180,54910,57170,57853,56803,52298,51934,52979,53664,30810,32890,32867,32371,30754,27932,28560,29387,28826,31558,33150,32781,31354,28526,26895,28375,29288,29241,29071,30972.6,32751
Palay,Davao del Sur,29220,30080,31930,32400,30220,22860,24030,24800,25806,27349,24535,22019,25140,25055,25080,27177,26616,27068,27066,28415,26117,24709,24875,24974,25896,26215,26377,26550,26460,26675,27029,29203,24814,23955,28950,29746
Palay,Davao Occidental,0,0,0,0,0,0,0,0,0,0,0,0,0,0,0,0,0,0,0,0,0,0,0,0,0,0,0,0,0,0,0,0,618,692.7,846.98,816.69
Palay,Davao Oriental,8160,9270,8730,13820,12190,9360,10240,10300,11640,13037,14766,10957,14145,14751,15045,15816,15828,15803,15946,16268,14944,15035,14045,13648,14060,14710,14195,14603,15149,15365,16230,15942,16563,15624,15870,15731
Palay,City of Davao,10390,10750,10830,9650,7650,7240,8010,7600,16355,14129,11562,8845,11989,11563,12167,13120,12757,9432,8739,8461,5345,3965,4210,4163,4405,4691,4794,4917,4207,3784,4164,4402,3925,4135,0,0
Palay,Cotabato (North Cotabato),74980,77480,78420,58670,65000,50950,63060,85510,101210,122100,115152,97661,132445,124890,121173,117109,113335,119867,118150,122042,122857,131870,132659,122487,128360,131110,130205,129452,125606,112398,125868,127130,123547,128092,130838,132071
Palay,Sarangani,0,0,0,0,0,0,0,6890,11370,12686,11897,11621,12622,12979,14934,16708,16276,15328,14302,13799,13956,13814,14957,14136,14679,14614,14700,14581,14252,13179,13254,12490,11642,12267.8,12249.97,12434.88
Palay,South Cotabato,48030,56570,52700,40660,47900,52190,58970,49960,61020,93080,90230,66627,98686,88122,78455,78665,74611,82208,76218,74256,78804,84132,83454,78889,83721,84132,87414,87268,85668,79749,92216,90786,81693.02,84862,85318,83851
Palay,Sultan Kudarat,73680,67410,67040,68450,55280,54980,62710,75970,80732,96595,90444,65445,92900,95515,100326,102150,102021,107699,102195,109781,112724,116587,118598,114305,116860,116129,118027,115605,114412,110364,119839,118074.25,107290.75,109465,118069.73,112467
Palay,Agusan del Norte,18660,16130,15540,18410,28650,7960,20610,18280,31268,34676,23913,11468,18703,21868,25349,22785,22110,23414,23985,25499,27207,26545,23482,20434,22727,23120,27268,27469,23363.95,25768,23090,22597,22320.23,20828,20368,22696.1
Palay,Agusan del Sur,16150,13160,16230,18800,14240,14380,17680,35260,49840,45876,38777,37851,42611,44675,45890,45550,41300,43175,43762,47633,52727,58082,56630,58405,66479,79234,90010,87973,75430,72291,80049,81932,71833,85500,80622,87549
Palay,Dinagat Islands,0,0,0,0,0,0,0,0,0,0,0,0,0,0,0,0,0,0,0,0,0,0,806,3540,2955,2605,2934,2934,2846,2799,3231,3476,2563,2883,2882,3069.38
Palay,Surigao del Norte,13930,19190,19250,18610,20340,18110,17070,17290,31792,30790,26751,20445,27651,26614,26755,27405,27546,26179,25179,26800,26247,26861,27722,20427,23054,22601,22959,22093,20642,18869,17592,19685,20439.69,20188.75,19031,18872
Palay,Surigao del Sur,29250,26910,30200,30150,31470,25800,27210,29420,33430,30186,25667,25148,22960,24128,22661,22294,22965,22580,23840,26126,27263,26771,28533,28061,26637,27481,33388,33701,32848,30349,31241,32592,28211.03,26673.3,24975,27332.54
Palay,Basilan,5360,3780,5770,5090,3860,3690,1800,1370,1344,1962,1632,1859,1929,2302,1942,1487,1393,1510,1435,1240,1270,1850,1330,1888,1453,1547,1817,1546,1201,1070,755,999,565,137,218.05,292.93
Palay,Lanao del Sur,24310,27170,20370,27460,21300,15600,19980,35560,41164,40453,41436,35152,39946,39873,59272,63711,64842,51744,51960,54008,56845,61196,58067,60494,57849,62921,66580,59220,56355,53902,66467,69801,69801,76097,76789,76967
Palay,Maguindanao,39560,59110,64780,64710,31190,32240,65310,105090,107270,112734,95983,76800,105950,102137,98486,103675,100497,127984,141502,136593,137672,134153,142755,142804,138185,136277,156428,154935,135075,156554,152460,154026,136564,156424.44,158510.77,163962.52
Palay,Sulu,8870,8540,7760,8400,8480,8140,8110,6610,7580,6329,5630,4011,4330,4150,3950,3995,3510,3256,3145,3000,2970,2750,2078,1853,1572,1632,1567,1410,1471,1270,1389,1492,1410,513,1117,614
Palay,Tawi-tawi,2040,2330,2330,2330,2330,2330,2330,2670,1605,1731,1840,1602,1780,1466,1235,1205,1290,1651,1693,1670,602,555,530,593,465,424,308,311,247,131,121,17,121,165,141,141
