Country Name,1990,1991,1992,1993,1994,1995,1996,1997,1998,1999,2000,2001,2002,2003,2004,2005,2006,2007,2008,2009,2010,2011,2012,2013,2014,2015,2016,2017,2018,2019,2020,2021,2022
Aruba,,,,,,,,,,,,,,,,,,,,,,,,,,,,,,,,,
Africa Eastern and Southern,,,,,,,,,,,,,,,,,,,,,,,,,,,,,,,,,
Afghanistan,327,327,327,327,327,327,327,327,327,327,327,327,327,327,327,327,327,327,327,327,327,327,327,327,327,327,327,327,327,327,327,,
Africa Western and Central,,,,,,,,,,,,,,,,,,,,,,,,,,,,,,,,,
Angola,1010,1010,1010,1010,1010,1010,1010,1010,1010,1010,1010,1010,1010,1010,1010,1010,1010,1010,1010,1010,1010,1010,1010,1010,1010,1010,1010,1010,1010,1010,1010,,
Albania,1485,1485,1485,1485,1485,1485,1485,1485,1485,1485,1485,1485,1485,1485,1485,1485,1485,1485,1485,1485,1485,1485,1485,1485,1485,1485,1485,1485,1485,1485,1485,,
Andorra,,,,,,,,,,,,,,,,,,,,,,,,,,,,,,,,,
Arab World,,,,,,,,,,,,,,,,,,,,,,,,,,,,,,,,,
United Arab Emirates,78,78,78,78,78,78,78,78,78,78,78,78,78,78,78,78,78,78,78,78,78,78,78,78,78,78,78,78,78,78,78,,
Argentina,591,591,591,591,591,591,591,591,591,591,591,591,591,591,591,591,591,591,591,591,591,591,591,591,591,591,591,591,591,591,591,,
Armenia,,,562,562,562,562,562,562,562,562,562,562,562,562,562,562,562,562,562,562,562,562,562,562,562,562,562,562,562,562,562,,
American Samoa,,,,,,,,,,,,,,,,,,,,,,,,,,,,,,,,,
Antigua and Barbuda,1030,1030,1030,1030,1030,1030,1030,1030,1030,1030,1030,1030,1030,1030,1030,1030,1030,1030,1030,1030,1030,1030,1030,1030,1030,1030,1030,1030,1030,1030,1030,,
Australia,534,534,534,534,534,534,534,534,534,534,534,534,534,534,534,534,534,534,534,534,534,534,534,534,534,534,534,534,534,534,534,,
Austria,1110,1110,1110,1110,1110,1110,1110,1110,1110,1110,1110,1110,1110,1110,1110,1110,1110,1110,1110,1110,1110,1110,1110,1110,1110,1110,1110,1110,1110,1110,1110,,
Azerbaijan,,,447,447,447,447,447,447,447,447,447,447,447,447,447,447,447,447,447,447,447,447,447,447,447,447,447,447,447,447,447,,
Burundi,1274,1274,1274,1274,1274,1274,1274,1274,1274,1274,1218,1274,1274,1274,1274,1274,1274,1274,1274,1274,1274,1274,1274,1274,1274,1274,1274,1274,1274,1274,1274,,
Belgium,847,847,847,847,847,847,847,847,847,847,847,847,847,847,847,847,847,847,847,847,847,847,847,847,847,847,847,847,847,847,847,,
Benin,1039,1039,1039,1039,1039,1039,1039,1039,1039,1039,1039,1039,1039,1039,1039,1039,1039,1039,1039,1039,1039,1039,1039,1039,1039,1039,1039,1039,1039,1039,1039,,
Burkina Faso,748,748,748,748,748,748,748,748,748,748,748,748,748,748,748,748,748,748,748,748,748,748,748,748,748,748,748,748,748,748,748,,
Bangladesh,2666,2666,2666,2666,2666,2666,2666,2666,2666,2666,2666,2666,2666,2666,2666,2666,2666,2666,2666,2666,2666,2666,2666,2666,2666,2666,2666,2666,2666,2666,2666,,
Bulgaria,608,608,608,608,608,608,608,608,608,608,608,608,608,608,608,608,608,608,608,608,608,608,608,608,608,608,608,608,608,608,608,,
Bahrain,83,83,83,83,83,83,83,83,83,83,83,83,83,83,83,83,83,83,83,83,83,83,83,83,83,83,83,83,83,83,83,,
"Bahamas, The",1292,1292,1292,1292,1292,1292,1292,1292,1292,1292,1292,1292,1292,1292,1292,1292,1292,1292,1292,1292,1292,1292,1292,1292,1292,1292,1292,1292,1292,1292,1292,,
Bosnia and Herzegovina,,,1028,1028,1028,1028,1028,1028,1028,1028,1028,1028,1028,1028,1028,1028,1028,1028,1028,1028,1028,1028,1028,1028,1028,1028,1028,1028,1028,1028,1028,,
Belarus,,,618,618,618,618,618,618,618,618,618,618,618,618,618,618,618,618,618,618,618,618,618,618,618,618,618,618,618,618,618,,
Belize,1705,1705,1705,1705,1705,1705,1705,1705,1705,1705,1705,1705,1705,1705,1705,1705,1705,1705,1705,1705,1705,1705,1705,1705,1705,1705,1705,1705,1705,1705,1705,,
Bermuda,,,,,,,,,,,,,,,,,,,,,,,,,,,,,,,,,
Bolivia,1146,1146,1146,1146,1146,1146,1146,1146,1146,1146,1146,1146,1146,1146,1146,1146,1146,1146,1146,1146,1146,1146,1146,1146,1146,1146,1146,1146,1146,1146,1146,,
Brazil,1782,1782,1761,1782,1782,1782,1782,1761,1782,1782,1782,1782,1761,1782,1782,1782,1782,1761,1761,1761,1761,1761,1761,1761,1761,1761,1761,1761,1761,1761,1761,,
Barbados,1422,1422,1422,1422,1422,1422,1422,1422,1422,1422,1422,1422,1422,1422,1422,1422,1422,1422,1422,1422,1422,1422,1422,1422,1422,1422,1422,1422,1422,1422,1422,,
Brunei Darussalam,2722,2722,2722,2722,2722,2722,2722,2722,2722,2722,2722,2722,2722,2722,2722,2722,2722,2722,2722,2722,2722,2722,2722,2722,2722,2722,2722,2722,2722,2722,2722,,
Bhutan,2200,2200,2200,2200,2200,2200,2200,2200,2200,2200,2200,2200,2200,2200,2200,2200,2200,2200,2200,2200,2200,2200,2200,2200,2200,2200,2200,2200,2200,2200,2200,,
Botswana,416,416,416,416,416,416,416,416,416,416,416,416,416,416,416,416,416,416,416,416,416,416,416,416,416,416,416,416,416,416,416,,
Central African Republic,1343,1343,1343,1343,1343,1343,1343,1343,1343,1343,1343,1343,1343,1343,1343,1343,1343,1343,1343,1343,1343,1343,1343,1343,1343,1343,1343,1343,1343,1343,1343,,
Canada,537,537,537,537,537,537,537,537,537,537,537,537,537,537,537,537,537,537,537,537,537,537,537,537,537,537,537,537,537,537,537,,
Central Europe and the Baltics,,,,,,,,,,,,,,,,,,,,,,,,,,,,,,,,,
Switzerland,1537,1537,1537,1537,1537,1537,1537,1537,1537,1537,1537,1537,1537,1537,1537,1537,1537,1537,1537,1537,1537,1537,1537,1537,1537,1537,1537,1537,1537,1537,1537,,
Channel Islands,,,,,,,,,,,,,,,,,,,,,,,,,,,,,,,,,
Chile,1522,1522,1522,1522,1522,1522,1522,1522,1522,1522,1522,1522,1522,1522,1522,1522,1522,1522,1522,1522,1522,1522,1522,1522,1522,1522,1522,1522,1522,1522,1522,,
China,645,645,645,645,645,645,645,645,645,645,645,645,645,645,645,645,645,645,645,645,645,645,645,645,645,645,645,645,645,645,645,,
Cote d'Ivoire,1348,1348,1348,1348,1348,1348,1348,1348,1348,1348,1348,1348,1348,1348,1348,1348,1348,1348,1348,1348,1348,1348,1348,1348,1348,1348,1348,1348,1348,1348,1348,,
Cameroon,1604,1604,1604,1604,1604,1604,1604,1604,1604,1604,1604,1604,1604,1604,1604,1604,1604,1604,1604,1604,1604,1604,1604,1604,1604,1604,1604,1604,1604,1604,1604,,
"Congo, Dem. Rep.",1543,1543,1543,1543,1543,1543,1543,1543,1543,1543,1543,1543,1543,1543,1543,1543,1543,1543,1543,1543,1543,1543,1543,1543,1543,1543,1543,1543,1543,1543,1543,,
"Congo, Rep.",1646,1646,1646,1646,1646,1646,1646,1646,1646,1646,1646,1646,1646,1646,1646,1646,1646,1646,1646,1646,1646,1646,1646,1646,1646,1646,1646,1646,1646,1646,1646,,
Colombia,3240,3240,3240,3240,3240,3240,3240,3240,3240,3240,2612,3240,3240,3240,3240,3240,3240,3240,3240,3240,3240,3240,3240,3240,3240,3240,3240,3240,3240,3240,3240,,
Comoros,900,900,900,900,900,900,900,900,900,900,900,900,900,900,900,900,900,900,900,900,900,900,900,900,900,900,900,900,900,900,900,,
Cabo Verde,228,228,228,228,228,228,228,228,228,228,228,228,228,228,228,228,228,228,228,228,228,228,228,228,228,228,228,228,228,228,228,,
Costa Rica,2926,2926,2926,2926,2926,2926,2926,2926,2926,2926,2926,2926,2926,2926,2926,2926,2926,2926,2926,2926,2926,2926,2926,2926,2926,2926,2926,2926,2926,2926,2926,,
Caribbean small states,,,,,,,,,,,,,,,,,,,,,,,,,,,,,,,,,
Cuba,1335,1335,1335,1335,1335,1335,1335,1335,1335,1335,1335,1335,1335,1335,1335,1335,1335,1335,1335,1335,1335,1335,1335,1335,1335,1335,1335,1335,1335,1335,1335,,
Curacao,,,,,,,,,,,,,,,,,,,,,,,,,,,,,,,,,
Cayman Islands,,,,,,,,,,,,,,,,,,,,,,,,,,,,,,,,,
Cyprus,498,498,498,498,498,498,498,498,498,498,498,498,498,498,498,498,498,498,498,498,498,498,498,498,498,498,498,498,498,498,498,,
Czechia,,,,677,677,677,677,677,677,677,677,677,677,677,677,677,677,677,677,677,677,677,677,677,677,677,677,677,677,677,677,,
Germany,700,700,700,700,700,700,700,700,700,700,700,700,700,700,700,700,700,700,700,700,700,700,700,700,700,700,700,700,700,700,700,,
Djibouti,220,220,220,220,220,220,220,220,220,220,220,220,220,220,220,220,220,220,220,220,220,220,220,220,220,220,220,220,220,220,220,,
Dominica,2083,2083,2083,2083,2083,2083,2083,2083,2083,2083,2083,2083,2083,2083,2083,2083,2083,2083,2083,2083,2083,2083,2083,2083,2083,2083,2083,2083,2083,2083,2083,,
Denmark,703,703,703,703,703,703,703,703,703,703,703,703,703,703,703,703,703,703,703,703,703,703,703,703,703,703,703,703,703,703,703,,
Dominican Republic,1410,1410,1410,1410,1410,1410,1410,1410,1410,1410,1410,1410,1410,1410,1410,1410,1410,1410,1410,1410,1410,1410,1410,1410,1410,1410,1410,1410,1410,1410,1410,,
Algeria,89,89,89,89,89,89,89,89,89,89,89,89,89,89,89,89,89,89,89,89,89,89,89,89,89,89,89,89,89,89,89,,
East Asia & Pacific (excluding high income),,,,,,,,,,,,,,,,,,,,,,,,,,,,,,,,,
Early-demographic dividend,,,,,,,,,,,,,,,,,,,,,,,,,,,,,,,,,
East Asia & Pacific,,,,,,,,,,,,,,,,,,,,,,,,,,,,,,,,,
Europe & Central Asia (excluding high income),,,,,,,,,,,,,,,,,,,,,,,,,,,,,,,,,
Europe & Central Asia,,,,,,,,,,,,,,,,,,,,,,,,,,,,,,,,,
Ecuador,2274,2274,2274,2274,2274,2274,2274,2274,2274,2274,2087,2274,2274,2274,2274,2274,2274,2274,2274,2274,2274,2274,2274,2274,2274,2274,2274,2274,2274,2274,2274,,
"Egypt, Arab Rep.",18.1,18.1,18.1,18.1,18.1,18.1,18.1,18.1,18.1,18.1,18.1,18.1,18.1,18.1,18.1,18.1,18.1,18.1,18.1,18.1,18.1,18.1,18.1,18.1,18.1,18.1,18.1,18.1,18.1,18.1,18.1,,
Euro area,,,,,,,,,,,,,,,,,,,,,,,,,,,,,,,,,
Eritrea,,,,384,384,384,384,384,384,384,384,384,384,384,384,384,384,384,384,384,384,384,384,384,384,384,384,384,384,384,384,,
Spain,636,636,636,636,636,636,636,636,636,636,636,636,636,636,636,636,636,636,636,636,636,636,636,636,636,636,636,636,636,636,636,,
Estonia,,,626,626,626,626,626,626,626,626,626,626,626,626,626,626,626,626,626,626,626,626,626,626,626,626,626,626,626,626,626,,
Ethiopia,,,,848,848,848,848,848,848,848,848,848,848,848,848,848,848,848,848,848,848,848,848,848,848,848,848,848,848,848,848,,
European Union,,,,,,,,,,,,,,,,,,,,,,,,,,,,,,,,,
Fragile and conflict affected situations,,,,,,,,,,,,,,,,,,,,,,,,,,,,,,,,,
Finland,536,536,536,536,536,536,536,536,536,536,536,536,536,536,536,536,536,536,536,536,536,536,536,536,536,536,536,536,536,536,536,,
Fiji,2592,2592,2592,2592,2592,2592,2592,2592,2592,2592,2592,2592,2592,2592,2592,2592,2592,2592,2592,2592,2592,2592,2592,2592,2592,2592,2592,2592,2592,2592,2592,,
France,867,867,867,867,867,867,867,867,867,867,867,867,867,867,867,867,867,867,867,867,867,867,867,867,867,867,867,867,867,867,867,,
Faroe Islands,,,,,,,,,,,,,,,,,,,,,,,,,,,,,,,,,
"Micronesia, Fed. Sts.",,,,,,,,,,,,,,,,,,,,,,,,,,,,,,,,,
Gabon,1831,1831,1831,1831,1831,1831,1831,1831,1831,1831,1831,1831,1831,1831,1831,1831,1831,1831,1831,1831,1831,1831,1831,1831,1831,1831,1831,1831,1831,1831,1831,,
United Kingdom,1220,1220,1220,1220,1220,1220,1220,1220,1220,1220,1220,1220,1220,1220,1220,1220,1220,1220,1220,1220,1220,1220,1220,1220,1220,1220,1220,1220,1220,1220,1220,,
Georgia,,,1026,1026,1026,1026,1026,1026,1026,1026,1026,1026,1026,1026,1026,1026,1026,1026,1026,1026,1026,1026,1026,1026,1026,1026,1026,1026,1026,1026,1026,,
Ghana,1187,1187,1187,1187,1187,1187,1187,1187,1187,1187,1187,1187,1187,1187,1187,1187,1187,1187,1187,1187,1187,1187,1187,1187,1187,1187,1187,1187,1187,1187,1187,,
Gibraltar,,,,,,,,,,,,,,,,,,,,,,,,,,,,,,,,,
Guinea,1651,1651,1651,1651,1651,1651,1651,1651,1651,1651,1651,1651,1651,1651,1651,1651,1651,1651,1651,1651,1651,1651,1651,1651,1651,1651,1651,1651,1651,1651,1651,,
"Gambia, The",836,836,836,836,836,836,836,836,836,836,836,836,836,836,836,836,836,836,836,836,836,836,836,836,836,836,836,836,836,836,836,,
Guinea-Bissau,1577,1577,1577,1577,1577,1577,1577,1577,1577,1577,1577,1577,1577,1577,1577,1577,1577,1577,1577,1577,1577,1577,1577,1577,1577,1577,1577,1577,1577,1577,1577,,
Equatorial Guinea,2156,2156,2156,2156,2156,2156,2156,2156,2156,2156,2156,2156,2156,2156,2156,2156,2156,2156,2156,2156,2156,2156,2156,2156,2156,2156,2156,2156,2156,2156,2156,,
Greece,652,652,652,652,652,652,652,652,652,652,652,652,652,652,652,652,652,652,652,652,652,652,652,652,652,652,652,652,652,652,652,,
Grenada,2350,2350,2350,2350,2350,2350,2350,2350,2350,2350,2350,2350,2350,2350,2350,2350,2350,2350,2350,2350,2350,2350,2350,2350,2350,2350,2350,2350,2350,2350,2350,,
Greenland,,,,,,,,,,,,,,,,,,,,,,,,,,,,,,,,,
Guatemala,1996,1996,1996,1996,1996,1996,1996,1996,1996,1996,1996,1996,1996,1996,1996,1996,1996,1996,1996,1996,1996,1996,1996,1996,1996,1996,1996,1996,1996,1996,1996,,
Guam,,,,,,,,,,,,,,,,,,,,,,,,,,,,,,,,,
Guyana,2387,2387,2387,2387,2387,2387,2387,2387,2387,2387,2387,2387,2387,2387,2387,2387,2387,2387,2387,2387,2387,2387,2387,2387,2387,2387,2387,2387,2387,2387,2387,,
High income,,,,,,,,,,,,,,,,,,,,,,,,,,,,,,,,,
"Hong Kong SAR, China",,,,,,,,,,,,,,,,,,,,,,,,,,,,,,,,,
Honduras,1976,1976,1976,1976,1976,1976,1976,1976,1976,1976,1976,1976,1976,1976,1976,1976,1976,1976,1976,1976,1976,1976,1976,1976,1976,1976,1976,1976,1976,1976,1976,,
Heavily indebted poor countries (HIPC),,,,,,,,,,,,,,,,,,,,,,,,,,,,,,,,,
Croatia,,,1113,1113,1113,1113,1113,1113,1113,1113,1113,1113,1113,1113,1113,1113,1113,1113,1113,1113,1113,1113,1113,1113,1113,1113,1113,1113,1113,1113,1113,,
Haiti,1440,1440,1440,1440,1440,1440,1440,1440,1440,1440,1440,1440,1440,1440,1440,1440,1440,1440,1440,1440,1440,1440,1440,1440,1440,1440,1440,1440,1440,1440,1440,,
Hungary,589,589,589,589,589,589,589,589,589,589,589,589,589,589,589,589,589,589,589,589,589,589,589,589,589,589,589,589,589,589,589,,
IBRD only,,,,,,,,,,,,,,,,,,,,,,,,,,,,,,,,,
IDA & IBRD total,,,,,,,,,,,,,,,,,,,,,,,,,,,,,,,,,
IDA total,,,,,,,,,,,,,,,,,,,,,,,,,,,,,,,,,
IDA blend,,,,,,,,,,,,,,,,,,,,,,,,,,,,,,,,,
Indonesia,2702,2702,2702,2702,2702,2702,2702,2702,2702,2702,2702,2702,2702,2702,2702,2702,2702,2702,2702,2702,2702,2702,2702,2702,2702,2702,2702,2702,2702,2702,2702,,
IDA only,,,,,,,,,,,,,,,,,,,,,,,,,,,,,,,,,
Isle of Man,,,,,,,,,,,,,,,,,,,,,,,,,,,,,,,,,
India,1123,1172,1179,1164,1167,1132,1149,1191,1194,1126,1144,1119,1190,1156,1181,1189,1122,1158,1134,1173,1183,1105,1137,1165,1175,1127,1169,1185,1160,1114,1182,,
Not classified,,,,,,,,,,,,,,,,,,,,,,,,,,,,,,,,,
Ireland,1118,1118,1118,1118,1118,1118,1118,1118,1118,1118,1118,1118,1118,1118,1118,1118,1118,1118,1118,1118,1118,1118,1118,1118,1118,1118,1118,1118,1118,1118,1118,,
"Iran, Islamic Rep.",228,228,228,228,228,228,228,228,228,228,228,228,228,228,228,228,228,228,228,228,228,228,228,228,228,228,228,228,228,228,228,,
Iraq,216,216,216,216,216,216,216,216,216,216,216,216,216,216,216,216,216,216,216,216,216,216,216,216,216,216,216,216,216,216,216,,
Iceland,1940,1940,1940,1940,1940,1940,1940,1940,1940,1940,1940,1940,1940,1940,1940,1940,1940,1940,1940,1940,1940,1940,1940,1940,1940,1940,1940,1940,1940,1940,1940,,
Israel,435,435,435,435,435,435,435,435,435,435,435,435,435,435,435,435,435,435,435,435,435,435,435,435,435,435,435,435,435,435,435,,
Italy,832,832,832,832,832,832,832,832,832,832,832,832,832,832,832,832,832,832,832,832,832,832,832,832,832,832,832,832,832,832,832,,
Jamaica,2051,2051,2051,2051,2051,2051,2051,2051,2051,2051,2051,2051,2051,2051,2051,2051,2051,2051,2051,2051,2051,2051,2051,2051,2051,2051,2051,2051,2051,2051,2051,,
Jordan,111,111,111,111,111,111,111,111,111,111,111,111,111,111,111,111,111,111,111,111,111,111,111,111,111,111,111,111,111,111,111,,
Japan,1668,1668,1668,1668,1668,1668,1668,1668,1668,1668,1668,1668,1668,1668,1668,1668,1668,1668,1668,1668,1668,1668,1668,1668,1668,1668,1668,1668,1668,1668,1668,,
Kazakhstan,,,250,250,250,250,250,250,250,250,250,250,250,250,250,250,250,250,250,250,250,250,250,250,250,250,250,250,250,250,250,,
Kenya,630,630,630,630,630,630,630,630,630,630,692,630,630,630,630,630,630,630,630,630,630,630,630,630,630,630,630,630,630,630,630,,
Kyrgyz Republic,,,533,533,533,533,533,533,533,533,533,533,533,533,533,533,533,533,533,533,533,533,533,533,533,533,533,533,533,533,533,,
Cambodia,1904,1904,1904,1904,1904,1904,1904,1904,1904,1904,1904,1904,1904,1904,1904,1904,1904,1904,1904,1904,1904,1904,1904,1904,1904,1904,1904,1904,1904,1904,1904,,
Kiribati,,,,,,,,,,,,,,,,,,,,,,,,,,,,,,,,,
St. Kitts and Nevis,1427,1427,1427,1427,1427,1427,1427,1427,1427,1427,1427,1427,1427,1427,1427,1427,1427,1427,1427,1427,1427,1427,1427,1427,1427,1427,1427,1427,1427,1427,1427,,
"Korea, Rep.",1274,1274,1274,1274,1274,1274,1274,1274,1274,1274,1274,1274,1274,1274,1274,1274,1274,1274,1274,1274,1274,1274,1274,1274,1274,1274,1274,1274,1274,1274,1274,,
Kuwait,121,121,121,121,121,121,121,121,121,121,121,121,121,121,121,121,121,121,121,121,121,121,121,121,121,121,121,121,121,121,121,,
Latin America & Caribbean (excluding high income),,,,,,,,,,,,,,,,,,,,,,,,,,,,,,,,,
Lao PDR,1834,1834,1834,1834,1834,1834,1834,1834,1834,1834,1834,1834,1834,1834,1834,1834,1834,1834,1834,1834,1834,1834,1834,1834,1834,1834,1834,1834,1834,1834,1834,,
Lebanon,661,661,661,661,661,661,661,661,661,661,661,661,661,661,661,661,661,661,661,661,661,661,661,661,661,661,661,661,661,661,661,,
Liberia,2391,2391,2391,2391,2391,2391,2391,2391,2391,2391,2391,2391,2391,2391,2391,2391,2391,2391,2391,2391,2391,2391,2391,2391,2391,2391,2391,2391,2391,2391,2391,,
Libya,56,56,56,56,56,56,56,56,56,56,56,56,56,56,56,56,56,56,56,56,56,56,56,56,56,56,56,56,56,56,56,,
St. Lucia,2301,2301,2301,2301,2301,2301,2301,2301,2301,2301,2301,2301,2301,2301,2301,2301,2301,2301,2301,2301,2301,2301,2301,2301,2301,2301,2301,2301,2301,2301,2301,,
Latin America & Caribbean,,,,,,,,,,,,,,,,,,,,,,,,,,,,,,,,,
Least developed countries: UN classification,,,,,,,,,,,,,,,,,,,,,,,,,,,,,,,,,
Low income,,,,,,,,,,,,,,,,,,,,,,,,,,,,,,,,,
Liechtenstein,,,,,,,,,,,,,,,,,,,,,,,,,,,,,,,,,
Sri Lanka,1712,1712,1712,1712,1712,1712,1712,1712,1712,1712,1712,1712,1712,1712,1712,1712,1712,1712,1712,1712,1712,1712,1712,1712,1712,1712,1712,1712,1712,1712,1712,,
Lower middle income,,,,,,,,,,,,,,,,,,,,,,,,,,,,,,,,,
Low & middle income,,,,,,,,,,,,,,,,,,,,,,,,,,,,,,,,,
Lesotho,788,788,788,788,788,788,788,788,788,788,788,788,788,788,788,788,788,788,788,788,788,788,788,788,788,788,788,788,788,788,788,,
Late-demographic dividend,,,,,,,,,,,,,,,,,,,,,,,,,,,,,,,,,
Lithuania,,,656,656,656,656,656,656,656,656,656,656,656,656,656,656,656,656,656,656,656,656,656,656,656,656,656,656,656,656,656,,
Luxembourg,934,934,934,934,934,934,934,934,934,934,934,934,934,934,934,934,934,934,934,934,934,934,934,934,934,934,934,934,934,934,934,,
Latvia,,,667,667,667,667,667,667,667,667,667,667,667,667,667,667,667,667,667,667,667,667,667,667,667,667,667,667,667,667,667,,
"Macao SAR, China",,,,,,,,,,,,,,,,,,,,,,,,,,,,,,,,,
St. Martin (French part),,,,,,,,,,,,,,,,,,,,,,,,,,,,,,,,,
Morocco,346,346,346,346,346,346,346,346,346,346,346,346,346,346,346,346,346,346,346,346,346,346,346,346,346,346,346,346,346,346,346,,
Monaco,,,,,,,,,,,,,,,,,,,,,,,,,,,,,,,,,
Moldova,,,450,450,450,450,450,450,450,450,450,450,450,450,450,450,450,450,450,450,450,450,450,450,450,450,450,450,450,450,450,,
Madagascar,1513,1513,1513,1513,1513,1513,1513,1513,1513,1513,1513,1513,1513,1513,1513,1513,1513,1513,1513,1513,1513,1513,1513,1513,1513,1513,1513,1513,1513,1513,1513,,
Maldives,1972,1972,1972,1972,1972,1972,1972,1972,1972,1972,1972,1972,1972,1972,1972,1972,1972,1972,1972,1972,1972,1972,1972,1972,1972,1972,1972,1972,1972,1972,1972,,
Middle East & North Africa,,,,,,,,,,,,,,,,,,,,,,,,,,,,,,,,,
Mexico,758,758,758,758,758,758,758,758,758,758,752,758,758,758,758,758,758,758,758,758,758,758,758,758,758,758,758,758,758,758,758,,
Marshall Islands,,,,,,,,,,,,,,,,,,,,,,,,,,,,,,,,,
Middle income,,,,,,,,,,,,,,,,,,,,,,,,,,,,,,,,,
North Macedonia,,,619,619,619,619,619,619,619,619,619,619,619,619,619,619,619,619,619,619,619,619,619,619,619,619,619,619,619,619,619,,
Mali,282,282,282,282,282,282,282,282,282,282,282,282,282,282,282,282,282,282,282,282,282,282,282,282,282,282,282,282,282,282,282,,
Malta,560,560,560,560,560,560,560,560,560,560,560,560,560,560,560,560,560,560,560,560,560,560,560,560,560,560,560,560,560,560,560,,
Myanmar,2091,2091,2091,2091,2091,2091,2091,2091,2091,2091,2091,2091,2091,2091,2091,2091,2091,2091,2091,2091,2091,2091,2091,2091,2091,2091,2091,2091,2091,2091,2091,,
Middle East & North Africa (excluding high income),,,,,,,,,,,,,,,,,,,,,,,,,,,,,,,,,
Montenegro,,,,,,,,,,,,,,,,,,,,,,,,,,,,,,,,,
Mongolia,241,241,241,241,241,241,241,241,241,241,241,241,241,241,241,241,241,241,241,241,241,241,241,241,241,241,241,241,241,241,241,,
Northern Mariana Islands,,,,,,,,,,,,,,,,,,,,,,,,,,,,,,,,,
Mozambique,1032,1032,1032,1032,1032,1032,1032,1032,1032,1032,1032,1032,1032,1032,1032,1032,1032,1032,1032,1032,1032,1032,1032,1032,1032,1032,1032,1032,1032,1032,1032,,
Mauritania,92,92,92,92,92,92,92,92,92,92,92,92,92,92,92,92,92,92,92,92,92,92,92,92,92,92,92,92,92,92,92,,
Mauritius,2041,2041,2041,2041,2041,2041,2041,2041,2041,2041,2041,2041,2041,2041,2041,2041,2041,2041,2041,2041,2041,2041,2041,2041,2041,2041,2041,2041,2041,2041,2041,,
Malawi,1181,1181,1181,1181,1181,1181,1181,1181,1181,1181,1181,1181,1181,1181,1181,1181,1181,1181,1181,1181,1181,1181,1181,1181,1181,1181,1181,1181,1181,1181,1181,,
Malaysia,2875,2875,2875,2875,2875,2875,2875,2875,2875,2875,2875,2875,2875,2875,2875,2875,2875,2875,2875,2875,2875,2875,2875,2875,2875,2875,2875,2875,2875,2875,2875,,
North America,,,,,,,,,,,,,,,,,,,,,,,,,,,,,,,,,
Namibia,285,285,285,285,285,285,285,285,285,285,285,285,285,285,285,285,285,285,285,285,285,285,285,285,285,285,285,285,285,285,285,,
New Caledonia,,,,,,,,,,,,,,,,,,,,,,,,,,,,,,,,,
Niger,151,151,151,151,151,151,151,151,151,151,151,151,151,151,151,151,151,151,151,151,151,151,151,151,151,151,151,151,151,151,151,,
Nigeria,1150,1150,1150,1150,1150,1150,1150,1150,1150,1150,1150,1150,1150,1150,1150,1150,1150,1150,1150,1150,1150,1150,1150,1150,1150,1150,1150,1150,1150,1150,1150,,
Nicaragua,2280,2280,2280,2280,2280,2280,2280,2280,2280,2280,2280,2280,2280,2280,2280,2280,2280,2280,2280,2280,2280,2280,2280,2280,2280,2280,2280,2280,2280,2280,2280,,
Netherlands,778,778,778,778,778,778,778,778,778,778,778,778,778,778,778,778,778,778,778,778,778,778,778,778,778,778,778,778,778,778,778,,
Norway,1414,1414,1414,1414,1414,1414,1414,1414,1414,1414,1414,1414,1414,1414,1414,1414,1414,1414,1414,1414,1414,1414,1414,1414,1414,1414,1414,1414,1414,1414,1414,,
Nepal,1500,1500,1500,1500,1500,1500,1500,1500,1500,1500,1500,1500,1500,1500,1500,1500,1500,1500,1500,1500,1500,1500,1500,1500,1500,1500,1500,1500,1500,1500,1500,,
Nauru,,,,,,,,,,,,,,,,,,,,,,,,,,,,,,,,,
New Zealand,1732,1732,1732,1732,1732,1732,1732,1732,1732,1732,1732,1732,1732,1732,1732,1732,1732,1732,1732,1732,1732,1732,1732,1732,1732,1732,1732,1732,1732,1732,1732,,
OECD members,,,,,,,,,,,,,,,,,,,,,,,,,,,,,,,,,
Oman,125,125,125,125,125,125,125,125,125,125,125,125,125,125,125,125,125,125,125,125,125,125,125,125,125,125,125,125,125,125,125,,
Other small states,,,,,,,,,,,,,,,,,,,,,,,,,,,,,,,,,
Pakistan,494,494,494,494,494,494,494,494,494,494,494,494,494,494,494,494,494,494,494,494,494,494,494,494,494,494,494,494,494,494,494,,
Panama,2928,2928,2928,2928,2928,2928,2928,2928,2928,2928,2928,2928,2928,2928,2928,2928,2928,2928,2928,2928,2928,2928,2928,2928,2928,2928,2928,2928,2928,2928,2928,,
Peru,1738,1738,1738,1738,1738,1738,1738,1738,1738,1738,1738,1738,1738,1738,1738,1738,1738,1738,1738,1738,1738,1738,1738,1738,1738,1738,1738,1738,1738,1738,1738,,
Philippines,2316,2214,2387,2156,2265,2432,2281,2355,2165,2307,2478,2143,2423,2217,2135,2344,2472,2188,2256,2399,2138,2437,2167,2309,2252,2375,2114,2449,2203,2331,2285,,
Palau,,,,,,,,,,,,,,,,,,,,,,,,,,,,,,,,,
Papua New Guinea,3142,3142,3142,3142,3142,3142,3142,3142,3142,3142,3142,3142,3142,3142,3142,3142,3142,3142,3142,3142,3142,3142,3142,3142,3142,3142,3142,3142,3142,3142,3142,,
Poland,600,600,600,600,600,600,600,600,600,600,600,600,600,600,600,600,600,600,600,600,600,600,600,600,600,600,600,600,600,600,600,,
Pre-demographic dividend,,,,,,,,,,,,,,,,,,,,,,,,,,,,,,,,,
Puerto Rico,2054,2054,2054,2054,2054,2054,2054,2054,2054,2054,2054,2054,2054,2054,2054,2054,2054,2054,2054,2054,2054,2054,2054,2054,2054,2054,2054,2054,2054,2054,2054,,
"Korea, Dem. People's Rep.",1054,1054,1054,1054,1054,1054,1054,1054,1054,1054,1054,1054,1054,1054,1054,1054,1054,1054,1054,1054,1054,1054,1054,1054,1054,1054,1054,1054,1054,1054,1054,,
Portugal,854,854,854,854,854,854,854,854,854,854,854,854,854,854,854,854,854,854,854,854,854,854,854,854,854,854,854,854,854,854,854,,
Paraguay,1130,1130,1130,1130,1130,1130,1130,1130,1130,1130,1130,1130,1130,1130,1130,1130,1130,1130,1130,1130,1130,1130,1130,1130,1130,1130,1130,1130,1130,1130,1130,,
West Bank and Gaza,402,402,402,402,402,402,402,402,402,402,402,402,402,402,402,402,402,402,402,402,402,402,402,402,402,402,402,402,402,402,402,,
Pacific island small states,,,,,,,,,,,,,,,,,,,,,,,,,,,,,,,,,
Post-demographic dividend,,,,,,,,,,,,,,,,,,,,,,,,,,,,,,,,,
French Polynesia,,,,,,,,,,,,,,,,,,,,,,,,,,,,,,,,,
Qatar,74,74,74,74,74,74,74,74,74,74,74,74,74,74,74,74,74,74,74,74,74,74,74,74,74,74,74,74,74,74,74,,
Romania,637,637,637,637,637,637,637,637,637,637,637,637,637,637,637,637,637,637,637,637,637,637,637,637,637,637,637,637,637,637,637,,
Russian Federation,,,460,460,460,460,460,460,460,460,460,460,460,460,460,460,460,460,460,460,460,460,460,460,460,460,460,460,460,460,460,,
Rwanda,1212,1212,1212,1212,1212,1212,1212,1212,1212,1212,1212,1212,1212,1212,1212,1212,1212,1212,1212,1212,1212,1212,1212,1212,1212,1212,1212,1212,1212,1212,1212,,
South Asia,,,,,,,,,,,,,,,,,,,,,,,,,,,,,,,,,
Saudi Arabia,59,59,59,59,59,59,59,59,59,59,59,59,59,59,59,59,59,59,59,59,59,59,59,59,59,59,59,59,59,59,59,,
Sudan,,,,,,,,,,,,,,,,,,,,,,,250,250,250,250,250,250,250,250,250,,
Senegal,686,686,686,686,686,686,686,686,686,686,686,686,686,686,686,686,686,686,686,686,686,686,686,686,686,686,686,686,686,686,686,,
Singapore,2497,2497,2497,2497,2497,2497,2497,2497,2497,2497,2497,2497,2497,2497,2497,2497,2497,2497,2497,2497,2497,2497,2497,2497,2497,2497,2497,2497,2497,2497,2497,,
Solomon Islands,3028,3028,3028,3028,3028,3028,3028,3028,3028,3028,3028,3028,3028,3028,3028,3028,3028,3028,3028,3028,3028,3028,3028,3028,3028,3028,3028,3028,3028,3028,3028,,
Sierra Leone,2526,2526,2526,2526,2526,2526,2526,2526,2526,2526,2526,2526,2526,2526,2526,2526,2526,2526,2526,2526,2526,2526,2526,2526,2526,2526,2526,2526,2526,2526,2526,,
El Salvador,1784,1784,1784,1784,1784,1784,1784,1784,1784,1784,1784,1784,1784,1784,1784,1784,1784,1784,1784,1784,1784,1784,1784,1784,1784,1784,1784,1784,1784,1784,1784,,
San Marino,,,,,,,,,,,,,,,,,,,,,,,,,,,,,,,,,
Somalia,282,282,282,282,282,282,282,282,282,282,282,282,282,282,282,282,282,282,282,282,282,282,282,282,282,282,282,282,282,282,282,,
Serbia,,,,,,,,,,,,,,,,,,,,,,,,,,,,,,,,,
Sub-Saharan Africa (excluding high income),,,,,,,,,,,,,,,,,,,,,,,,,,,,,,,,,
South Sudan,,,,,,,,,,,,,,,,,,,,,,,900,900,900,900,900,900,900,900,900,,
Sub-Saharan Africa,,,,,,,,,,,,,,,,,,,,,,,,,,,,,,,,,
Small states,,,,,,,,,,,,,,,,,,,,,,,,,,,,,,,,,
Sao Tome and Principe,3200,3200,3200,3200,3200,3200,3200,3200,3200,3200,3200,3200,3200,3200,3200,3200,3200,3200,3200,3200,3200,3200,3200,3200,3200,3200,3200,3200,3200,3200,3200,,
Suriname,2331,2331,2331,2331,2331,2331,2331,2331,2331,2331,2331,2331,2331,2331,2331,2331,2331,2331,2331,2331,2331,2331,2331,2331,2331,2331,2331,2331,2331,2331,2331,,
Slovak Republic,,,,824,824,824,824,824,824,824,824,824,824,824,824,824,824,824,824,824,824,824,824,824,824,824,824,824,824,824,824,,
Slovenia,,,1162,1162,1162,1162,1162,1162,1162,1162,1162,1162,1162,1162,1162,1162,1162,1162,1162,1162,1162,1162,1162,1162,1162,1162,1162,1162,1162,1162,1162,,
Sweden,624,624,624,624,624,624,624,624,624,624,624,624,624,624,624,624,624,624,624,624,624,624,624,624,624,624,624,624,624,624,624,,
Eswatini,788,788,788,788,788,788,788,788,788,788,788,788,788,788,788,788,788,788,788,788,788,788,788,788,788,788,788,788,788,788,788,,
Sint Maarten (Dutch part),,,,,,,,,,,,,,,,,,,,,,,,,,,,,,,,,
Seychelles,2330,2330,2330,2330,2330,2330,2330,2330,2330,2330,1970,2330,2330,2330,2330,2330,2330,2330,2330,2330,2330,2330,2330,2330,2330,2330,2330,2330,2330,2330,2330,,
Syrian Arab Republic,252,252,252,252,252,252,252,252,252,252,252,252,252,252,252,252,252,252,252,252,252,252,252,252,252,252,252,252,252,252,252,,
Turks and Caicos Islands,,,,,,,,,,,,,,,,,,,,,,,,,,,,,,,,,
Chad,322,322,322,322,322,322,322,322,322,322,322,322,322,322,322,322,322,322,322,322,322,322,322,322,322,322,322,322,322,322,322,,
East Asia & Pacific (IDA & IBRD countries),,,,,,,,,,,,,,,,,,,,,,,,,,,,,,,,,
Europe & Central Asia (IDA & IBRD countries),,,,,,,,,,,,,,,,,,,,,,,,,,,,,,,,,
Togo,1168,1168,1168,1168,1168,1168,1168,1168,1168,1168,1168,1168,1168,1168,1168,1168,1168,1168,1168,1168,1168,1168,1168,1168,1168,1168,1168,1168,1168,1168,1168,,
Thailand,1622,1622,1622,1622,1622,1622,1622,1622,1622,1622,1622,1622,1622,1622,1622,1622,1622,1622,1622,1622,1622,1622,1622,1622,1622,1622,1622,1622,1622,1622,1622,,
Tajikistan,,,691,691,691,691,691,691,691,691,691,691,691,691,691,691,691,691,691,691,691,691,691,691,691,691,691,691,691,691,691,,
Turkmenistan,,,161,161,161,161,161,161,161,161,161,161,161,161,161,161,161,161,161,161,161,161,161,161,161,161,161,161,161,161,161,,
Latin America & the Caribbean (IDA & IBRD countries),,,,,,,,,,,,,,,,,,,,,,,,,,,,,,,,,
Timor-Leste,1500,1500,1500,1500,1500,1500,1500,1500,1500,1500,1500,1500,1500,1500,1500,1500,1500,1500,1500,1500,1500,1500,1500,1500,1500,1500,1500,1500,1500,1500,1500,,
Middle East & North Africa (IDA & IBRD countries),,,,,,,,,,,,,,,,,,,,,,,,,,,,,,,,,
Tonga,,,,,,,,,,,,,,,,,,,,,,,,,,,,,,,,,
South Asia (IDA & IBRD),,,,,,,,,,,,,,,,,,,,,,,,,,,,,,,,,
Sub-Saharan Africa (IDA & IBRD countries),,,,,,,,,,,,,,,,,,,,,,,,,,,,,,,,,
Trinidad and Tobago,2200,2200,2200,2200,2200,2200,2200,2200,2200,2200,2200,2200,2200,2200,2200,2200,2200,2200,2200,2200,2200,2200,2200,2200,2200,2200,2200,2200,2200,2200,2200,,
Tunisia,207,207,207,207,207,207,207,207,207,207,207,207,207,207,207,207,207,207,207,207,207,207,207,207,207,207,207,207,207,207,207,,
Turkiye,593,593,593,593,593,593,593,593,593,593,593,593,593,593,593,593,593,593,593,593,593,593,593,593,593,593,593,593,593,593,593,,
Tuvalu,,,,,,,,,,,,,,,,,,,,,,,,,,,,,,,,,
Tanzania,1071,1071,1071,1071,1071,1071,1071,1071,1071,1071,1071,1071,1071,1071,1071,1071,1071,1071,1071,1071,1071,1071,1071,1071,1071,1071,1071,1071,1071,1071,1071,,
Uganda,1180,1180,1180,1180,1180,1180,1180,1180,1180,1180,1180,1180,1180,1180,1180,1180,1180,1180,1180,1180,1180,1180,1180,1180,1180,1180,1180,1180,1180,1180,1180,,
Ukraine,,,565,565,565,565,565,565,565,565,565,565,565,565,565,565,565,565,565,565,565,565,565,565,565,565,565,565,565,565,565,,
Upper middle income,,,,,,,,,,,,,,,,,,,,,,,,,,,,,,,,,
Uruguay,1300,1300,1300,1300,1300,1300,1300,1300,1300,1300,1265,1300,1300,1300,1300,1300,1300,1300,1300,1300,1300,1300,1300,1300,1300,1300,1300,1300,1300,1300,1300,,
United States,715,715,715,715,715,715,715,715,715,715,715,715,715,715,715,715,715,715,715,715,715,715,715,715,715,715,715,715,715,715,715,,
Uzbekistan,,,206,206,206,206,206,206,206,206,206,206,206,206,206,206,206,206,206,206,206,206,206,206,206,206,206,206,206,206,206,,
St. Vincent and the Grenadines,1583,1583,1583,1583,1583,1583,1583,1583,1583,1583,1583,1583,1583,1583,1583,1583,1583,1583,1583,1583,1583,1583,1583,1583,1583,1583,1583,1583,1583,1583,1583,,
"Venezuela, RB",2044,2044,2044,2044,2044,2044,2044,2044,2044,2044,2044,2044,2044,2044,2044,2044,2044,2044,2044,2044,2044,2044,2044,2044,2044,2044,2044,2044,2044,2044,2044,,
British Virgin Islands,,,,,,,,,,,,,,,,,,,,,,,,,,,,,,,,,
Virgin Islands (U.S.),,,,,,,,,,,,,,,,,,,,,,,,,,,,,,,,,
Vietnam,1821,1821,1821,1821,1821,1821,1821,1821,1821,1821,1821,1821,1821,1821,1821,1821,1821,1821,1821,1821,1821,1821,1821,1821,1821,1821,1821,1821,1821,1821,1821,,
Vanuatu,2000,2000,2000,2000,2000,2000,2000,2000,2000,2000,2000,2000,2000,2000,2000,2000,2000,2000,2000,2000,2000,2000,2000,2000,2000,2000,2000,2000,2000,2000,2000,,
World,,,,,,,,,,,,,,,,,,,,,,,,,,,,,,,,,
Samoa,2880,2880,2880,2880,2880,2880,2880,2880,2880,2880,2880,2880,2880,2880,2880,2880,2880,2880,2880,2880,2880,2880,2880,2880,2880,2880,2880,2880,2880,2880,2880,,
Kosovo,,,,,,,,,,,,,,,,,,,,,,,,,,,,,,,,,
"Yemen, Rep.",167,167,167,167,167,167,167,167,167,167,167,167,167,167,167,167,167,167,167,167,167,167,167,167,167,167,167,167,167,167,167,,
South Africa,495,495,495,495,495,495,495,495,495,495,495,495,495,495,495,495,495,495,495,495,495,495,495,495,495,495,495,495,495,495,495,,
Zambia,1020,1020,1020,1020,1020,1020,1020,1020,1020,1020,1020,1020,1020,1020,1020,1020,1020,1020,1020,1020,1020,1020,1020,1020,1020,1020,1020,1020,1020,1020,1020,,
Zimbabwe,657,657,657,657,657,657,657,657,657,657,692,657,657,657,657,657,657,657,657,657,657,657,657,657,657,657,657,657,657,657,657,,
